Metric,Value
Moran Index,0.014406575488536454
Geary C,0.9898874530721403
Davies-Bouldin Index,1.0475466156891442
Silhouette Coefficient,0.21755061082858385
Calinski-Harabaz Index,1139.3174807261794
SC_Score,0.014406575488536454
BVC_Score,380.1941926508991
Total_Score,190.1042996131938
