Metric,Value
Moran Index,0.4145919500323638
Geary C,0.5832939536909095
Davies-Bouldin Index,1.8082340871235982
Silhouette Coefficient,0.2094062311873761
Calinski-Harabaz Index,924.5502969542644
SC_Score,0.4145919500323638
BVC_Score,308.85597909085845
Total_Score,154.63528552044542
