Metric,Value
Moran Index,0.22421579146105625
Geary C,0.7822273989925497
Davies-Bouldin Index,1.0027235099482839
Silhouette Coefficient,0.2718436977151461
Calinski-Harabaz Index,1766.562360252719
SC_Score,0.22421579146105625
BVC_Score,589.2789758201275
Total_Score,294.75159580579424
