Metric,Value
Moran Index,0.005987471123028981
Geary C,0.9950488907742967
Davies-Bouldin Index,1.6641296886659973
Silhouette Coefficient,0.11756858284921787
Calinski-Harabaz Index,649.0277768304423
SC_Score,0.005987471123028981
BVC_Score,216.9364917006525
Total_Score,108.47123958588777
