Metric,Value
Moran Index,-0.006565489987569513
Geary C,1.0116101444409435
Davies-Bouldin Index,1.0847586857128966
Silhouette Coefficient,0.24698965182656576
Calinski-Harabaz Index,983.7053501585906
SC_Score,-0.006565489987569513
BVC_Score,328.34569949871
Total_Score,164.16956700436123
