Metric,Value
Moran Index,0.005921459692181032
Geary C,0.9890252928234811
Davies-Bouldin Index,1.0199579113371533
Silhouette Coefficient,0.3053078045123539
Calinski-Harabaz Index,1768.2935959912456
SC_Score,0.005921459692181032
BVC_Score,589.8729539023651
Total_Score,294.93943768102866
