Metric,Value
Moran Index,0.10246818359377385
Geary C,0.8891312997244071
Davies-Bouldin Index,0.9736088939514606
Silhouette Coefficient,0.306059301332804
Calinski-Harabaz Index,1803.0500494283397
SC_Score,0.10246818359377385
BVC_Score,601.4432392078746
Total_Score,300.7728536957342
