Metric,Value
Moran Index,0.00519671339198544
Geary C,0.997216926953321
Davies-Bouldin Index,0.8710697250641773
Silhouette Coefficient,0.37519066010477653
Calinski-Harabaz Index,2144.8006889756816
SC_Score,0.00519671339198544
BVC_Score,715.3489831202836
Total_Score,357.6770899168378
