Metric,Value
Moran Index,-0.020523366135833963
Geary C,1.0226893773844088
Davies-Bouldin Index,1.3790105601579028
Silhouette Coefficient,0.2149628453066796
Calinski-Harabaz Index,1358.4263381232647
SC_Score,-0.020523366135833963
BVC_Score,453.34010384290974
Total_Score,226.65979023838696
