Metric,Value
Moran Index,0.014368291382909704
Geary C,0.982706712424554
Davies-Bouldin Index,1.2839270735633597
Silhouette Coefficient,0.16571234430275442
Calinski-Harabaz Index,1062.9576992219709
SC_Score,0.014368291382909704
BVC_Score,354.802446213279
Total_Score,177.40840725233096
