Metric,Value
Moran Index,0.00019066351164663805
Geary C,1.0010523032074716
Davies-Bouldin Index,1.4402308430173445
Silhouette Coefficient,0.1602617039994911
Calinski-Harabaz Index,954.0960362383441
SC_Score,0.00019066351164663805
BVC_Score,318.5655095951203
Total_Score,159.282850129316
