Metric,Value
Moran Index,0.004860211794563432
Geary C,0.998305410583601
Davies-Bouldin Index,1.197758635093908
Silhouette Coefficient,0.2261795610989871
Calinski-Harabaz Index,1473.5266790656547
SC_Score,0.004860211794563432
BVC_Score,491.6502057539492
Total_Score,245.82753298287187
