Metric,Value
Moran Index,-0.0007828801003139417
Geary C,0.9994779812592183
Davies-Bouldin Index,1.1094648648432843
Silhouette Coefficient,0.2894103124693117
Calinski-Harabaz Index,1557.5878929696248
SC_Score,-0.0007828801003139417
BVC_Score,519.6622560489792
Total_Score,259.8307365844394
