Metric,Value
Moran Index,-0.004040704315009481
Geary C,1.0067195643088414
Davies-Bouldin Index,1.2121167085565019
Silhouette Coefficient,0.17987709317007308
Calinski-Harabaz Index,1078.490537914229
SC_Score,-0.004040704315009481
BVC_Score,359.96084390531854
Total_Score,179.97840160050177
