Metric,Value
Moran Index,0.6827118052891079
Geary C,0.3175981656698371
Davies-Bouldin Index,1.5177777090295674
Silhouette Coefficient,0.24540124833583832
Calinski-Harabaz Index,1215.9470105134894
SC_Score,0.6827118052891079
BVC_Score,405.90339649028493
Total_Score,203.29305414778702
