Metric,Value
Moran Index,-0.011762248150329321
Geary C,1.010020000407468
Davies-Bouldin Index,1.5701446566596018
Silhouette Coefficient,0.14706462577732915
Calinski-Harabaz Index,955.2151925964824
SC_Score,-0.011762248150329321
BVC_Score,318.97746729297313
Total_Score,159.4828525224114
