Metric,Value
Moran Index,-0.009045983832344668
Geary C,1.0066135609149076
Davies-Bouldin Index,1.8988430894543944
Silhouette Coefficient,0.15929962132073597
Calinski-Harabaz Index,811.2677607162485
SC_Score,-0.009045983832344668
BVC_Score,271.10863447567453
Total_Score,135.5497942459211
