Metric,Value
Moran Index,0.018785296427310097
Geary C,0.9840387174769398
Davies-Bouldin Index,1.1417644984997908
Silhouette Coefficient,0.26535426138679513
Calinski-Harabaz Index,1481.6461284580614
SC_Score,0.018785296427310097
BVC_Score,494.35108240598265
Total_Score,247.184933851205
