Metric,Value
Moran Index,0.01251199795064447
Geary C,0.9854892794669077
Davies-Bouldin Index,1.0679157708078244
Silhouette Coefficient,0.2822706926576438
Calinski-Harabaz Index,1810.3204332459975
SC_Score,0.01251199795064447
BVC_Score,603.890206569821
Total_Score,301.95135928388584
