Metric,Value
Moran Index,0.01819790708671521
Geary C,0.9837515280030337
Davies-Bouldin Index,1.6744172549885865
Silhouette Coefficient,0.18897769729029038
Calinski-Harabaz Index,1030.4826861796098
SC_Score,0.01819790708671521
BVC_Score,344.1153603772962
Total_Score,172.06677914219145
