Metric,Value
Moran Index,-0.006077702637005335
Geary C,1.0100598332425386
Davies-Bouldin Index,1.4656882672997922
Silhouette Coefficient,0.18446126538636562
Calinski-Harabaz Index,1215.88213245852
SC_Score,-0.006077702637005335
BVC_Score,405.8440939970687
Total_Score,202.91900814721583
