Method,ARI,NMI,Moran_Index,asw_celltype,graph_clisi,SC_Score,BioC_Score,CM_GTC_RNA,CM_GTC_ADT,CM_GTC_ATAC,CM_GTC,SMOBench_V
SpaBalance,0.9637400844480798,0.9500179861118941,0.9244254420577713,0.4840068817138672,0.8673660760032719,0.9244254420577713,0.8162827570692782,0.09566048912323918,0.1754307822164442,0.2253357227486876,0.09566048912323918,0.5496623868885613
SMOPCA,0.9834069716811037,0.9750573359452438,0.934537634415592,0.20484585861724758,0.8850662745129934,0.934537634415592,0.7620941101891471,0.12153044464242209,0.1552271258989747,0.2165332747145991,0.12153044464242209,0.540357348815746
SpatialGlue,0.8757910353783295,0.8549930424258262,0.8645629112532376,0.07607422024011612,0.7882119318404965,0.8645629112532376,0.6487675574711921,0.16395340560482852,0.18649041935238897,0.18091018115028368,0.16395340560482852,0.49800096748105577
MISO,0.39455764284792344,0.44661959985081484,0.3611962082713651,0.00040686153806746006,0.3551018785631311,0.3611962082713651,0.2991714956999842,0.22940717192427074,0.16881309548738077,0.24532535705227443,0.16881309548738077,0.259433078129219
SpaMV,0.20340169710151207,0.22075019670881382,0.18631319927479828,0.015412818640470505,0.18306152739136086,0.18631319927479828,0.15565655996053931,0.3531845652054359,0.07087586621027608,0.07749756683915461,0.07087586621027608,0.12787561032328582
PRESENT,0.02621873667287646,0.035562438421450134,0.5263101338553531,0.04901976138353348,0.023596863005588813,0.5263101338553531,0.03359944987086222,0.002288580932735791,0.005216786347630653,5.0244648464385225e-05,5.0244648464385225e-05,0.11872190457880126
PRAGA,0.042220110593390224,0.052068772757262176,0.054600495066871944,0.04258326441049576,0.0379980995340512,0.054600495066871944,0.043717561823799836,0.16037112368866902,0.046147569145419086,0.027962936651524654,0.027962936651524654,0.039592298403504186
