Metric,Value
Moran Index,0.2588157836893861
Geary C,0.7412371756061925
Davies-Bouldin Index,1.5645846839801907
Silhouette Coefficient,0.07545523345470428
Calinski-Harabaz Index,1285.9042899198084
SC_Score,0.2588157836893861
BVC_Score,429.1814432790811
Total_Score,214.72012953138525
