Metric,Value
Moran Index,0.3792834349771816
Geary C,0.6204429675141665
Davies-Bouldin Index,1.9106779427855034
Silhouette Coefficient,0.05409412086009979
Calinski-Harabaz Index,1575.7322988791036
SC_Score,0.3792834349771816
BVC_Score,525.899023647583
Total_Score,263.1391535412801
