Metric,Value
Moran Index,0.2330397870002332
Geary C,0.7653235805830171
Davies-Bouldin Index,1.4732343502939333
Silhouette Coefficient,0.11287575960159302
Calinski-Harabaz Index,1438.6311016316565
SC_Score,0.2330397870002332
BVC_Score,480.0724039138507
Total_Score,240.15272185042545
