Metric,Value
Moran Index,0.27734231779315954
Geary C,0.7239742730304186
Davies-Bouldin Index,1.5748233208592768
Silhouette Coefficient,0.0703425258398056
Calinski-Harabaz Index,1627.8358771489686
SC_Score,0.27734231779315954
BVC_Score,543.1603476652225
Total_Score,271.7188449915078
