Metric,Value
Moran Index,0.40888510221215
Geary C,0.5905526190023692
Davies-Bouldin Index,1.5669592966464638
Silhouette Coefficient,0.12055223435163498
Calinski-Harabaz Index,1777.1844375481526
SC_Score,0.40888510221215
BVC_Score,592.9573163597169
Total_Score,296.6831007309645
