Metric,Value
Moran Index,0.3296345110471949
Geary C,0.6714113194589604
Davies-Bouldin Index,2.666494168920726
Silhouette Coefficient,0.002642208943143487
Calinski-Harabaz Index,1019.5178226429745
SC_Score,0.3296345110471949
BVC_Score,340.72898634027945
Total_Score,170.5293104256633
