Metric,Value
Moran Index,0.31613265724935324
Geary C,0.683576426185785
Davies-Bouldin Index,1.6037138941359617
Silhouette Coefficient,0.06569500267505646
Calinski-Harabaz Index,1712.0613503156692
SC_Score,0.31613265724935324
BVC_Score,571.24358640416
Total_Score,285.7798595307047
