Metric,Value
Moran Index,0.3978900112343372
Geary C,0.6200697364770597
Davies-Bouldin Index,1.4817104990012504
Silhouette Coefficient,0.050824474543333054
Calinski-Harabaz Index,1398.5038071956817
SC_Score,0.3978900112343372
BVC_Score,466.6787807230755
Total_Score,233.5383353671549
