Metric,Value
Moran Index,0.21536708656484693
Geary C,0.7845977896213392
Davies-Bouldin Index,1.5921518722551786
Silhouette Coefficient,0.1180737242102623
Calinski-Harabaz Index,1910.0905557557282
SC_Score,0.21536708656484693
BVC_Score,637.2669271173979
Total_Score,318.74114710198137
