Metric,Value
Moran Index,0.27406377999589404
Geary C,0.7244541190632064
Davies-Bouldin Index,1.6396442748629894
Silhouette Coefficient,0.08863212168216705
Calinski-Harabaz Index,1211.6008993255957
SC_Score,0.27406377999589404
BVC_Score,404.443058574047
Total_Score,202.35856117702144
