Metric,Value
Moran Index,0.32900009591849716
Geary C,0.6710918661949661
Davies-Bouldin Index,2.3910838219953154
Silhouette Coefficient,0.03208433836698532
Calinski-Harabaz Index,1338.6319785402445
SC_Score,0.32900009591849716
BVC_Score,447.01838223353565
Total_Score,223.67369116472707
