Metric,Value
Moran Index,0.40207895046072467
Geary C,0.5949686420353666
Davies-Bouldin Index,2.9430022879823348
Silhouette Coefficient,-0.0166915412992239
Calinski-Harabaz Index,1182.3334949189211
SC_Score,0.40207895046072467
BVC_Score,395.08660188853474
Total_Score,197.74434041949775
