Metric,Value
Moran Index,0.29239269803570034
Geary C,0.7052320908874171
Davies-Bouldin Index,1.4780499350362863
Silhouette Coefficient,0.11547848582267761
Calinski-Harabaz Index,1725.4976765055426
SC_Score,0.29239269803570034
BVC_Score,575.6970683088006
Total_Score,287.9947305034181
