Metric,Value
Moran Index,0.33739114853547975
Geary C,0.6625900627932423
Davies-Bouldin Index,1.7448406644037326
Silhouette Coefficient,0.05196920409798622
Calinski-Harabaz Index,1618.4177600697967
SC_Score,0.33739114853547975
BVC_Score,540.0715233127661
Total_Score,270.2044572306508
