Metric,Value
Moran Index,0.3586201487634804
Geary C,0.6407745009802011
Davies-Bouldin Index,1.7048673124787277
Silhouette Coefficient,0.045777130872011185
Calinski-Harabaz Index,1391.3123159935435
SC_Score,0.3586201487634804
BVC_Score,464.3543201456314
Total_Score,232.35647014719743
