Metric,Value
Moran Index,0.33948669973752466
Geary C,0.6603159646073893
Davies-Bouldin Index,1.7204216792299765
Silhouette Coefficient,0.05719909444451332
Calinski-Harabaz Index,1529.6270703926987
SC_Score,0.33948669973752466
BVC_Score,510.468230388791
Total_Score,255.40385854426427
