Metric,Value
Moran Index,0.9104518783014872
Geary C,0.0882184627246545
ARI,0.1413737277966905
NMI,0.2946364019438801
asw_celltype,0.4199670851230621
graph_clisi,0.9252088766815492
kBET,0.2525921787709497
KNN_connectivity,0.9939550124067664
bASW,0.3722298592329025
iLISI,0.2510526279504261
PCR,0.0020949721487806
SC_Score,0.9104518783014872
BVC_Score,0.4452965228862955
BER_Score,0.3743849301019651
Final_Score,0.576711110429916
