Metric,Value
Moran Index,0.1759908627927506
Geary C,0.8218812918984392
ARI,0.1036229795366071
NMI,0.1728178902696625
asw_celltype,0.429689846932888
graph_clisi,0.8003447780717874
kBET,0.8433815577962882
KNN_connectivity,0.924553284713447
bASW,0.4984360176604241
iLISI,0.8048568970636175
PCR,0.3267572702031271
SC_Score,0.1759908627927506
BVC_Score,0.3766188737027362
BER_Score,0.6795970054873808
Final_Score,0.4107355806609559
