Metric,Value
Moran Index,0.0845672758615515
Geary C,0.912086038577279
ARI,0.0648806093095393
NMI,0.1323569248926751
asw_celltype,0.429689846932888
graph_clisi,0.8003447780717874
kBET,0.8433815577962882
KNN_connectivity,0.924553284713447
bASW,0.4984360176604241
iLISI,0.8048568970636175
PCR,0.3267572702031271
SC_Score,0.0845672758615515
BVC_Score,0.3568180398017224
BER_Score,0.6795970054873808
Final_Score,0.3736607737168849
