Metric,Value
Moran Index,0.2765794035088923
Geary C,0.7214597321901591
Davies-Bouldin Index,3.8717262970729167
Silhouette Coefficient,0.0295949168503284
Calinski-Harabaz Index,243.70166280304596
kBET,0.8331634182908546
KNN_connectivity,0.941186434192282
bASW,0.4966880821157247
iLISI,0.7937564023418155
PCR,0.3189676121850704
SC_Score,0.2765794035088923
BVC_Score,82.53432800565639
BER_Score,0.6767523898251494
Final_Score,27.82921993299681
