Metric,Value
Moran Index,0.5617156083492505
Geary C,0.4330795551952626
Davies-Bouldin Index,1.13739427632185
Silhouette Coefficient,0.2867518067359924
Calinski-Harabaz Index,31158.117353019217
kBET,0.6505296229802515
KNN_connectivity,0.8322730413782585
bASW,0.49366947542876
iLISI,0.4726322586280079
PCR,0.407315659975397
SC_Score,0.5617156083492505
BVC_Score,10386.51383303409
BER_Score,0.571284011678135
Final_Score,3462.548944218039
