Metric,Value
Moran Index,0.4519040560062528
Geary C,0.5492292873043834
Davies-Bouldin Index,2.190040675595791
Silhouette Coefficient,0.0653915554285049
Calinski-Harabaz Index,2348.625590530942
kBET,0.7169774317012012
KNN_connectivity,0.8236308304721213
bASW,0.4978133905678988
iLISI,0.5337037833746137
PCR,0.4706079067006009
SC_Score,0.4519040560062528
BVC_Score,783.6270075873223
BER_Score,0.6085466685632872
Final_Score,261.5624861039639
