Metric,Value
Moran Index,0.5234430282988933
Geary C,0.4741125381429049
Davies-Bouldin Index,3.325790229845776
Silhouette Coefficient,0.0101378699764609
Calinski-Harabaz Index,1803.6336547526296
kBET,0.7169774317012012
KNN_connectivity,0.8236308304721213
bASW,0.4978133905678988
iLISI,0.5337037833746137
PCR,0.4706079067006009
SC_Score,0.5234430282988933
BVC_Score,602.3231942841506
BER_Score,0.6085466685632872
Final_Score,201.1517279936709
