Metric,Value
Moran Index,0.0950612369294962
Geary C,0.9054305602336156
ARI,0.0961885038297151
NMI,0.0701091250342129
asw_celltype,0.4708015099167824
graph_clisi,0.8577251592558214
kBET,0.5819522170681829
KNN_connectivity,0.9380321748162528
bASW,0.5054578427225352
iLISI,0.483777693141223
PCR,0.2370186001245248
SC_Score,0.0950612369294962
BVC_Score,0.3737060745091329
BER_Score,0.5492477055745437
Final_Score,0.3393383390043909
