Metric,Value
Moran Index,0.1116315267172576
Geary C,0.887505130548368
Davies-Bouldin Index,4.590797636607332
Silhouette Coefficient,0.0203858558088541
Calinski-Harabaz Index,105.7629987549834
kBET,0.8331634182908546
KNN_connectivity,0.941186434192282
bASW,0.4966880821157247
iLISI,0.7937564023418155
PCR,0.3189676121850704
SC_Score,0.1116315267172576
BVC_Score,36.79139408246653
BER_Score,0.6767523898251494
Final_Score,12.526592666336313
