Metric,Value
Moran Index,0.9142798251925114
Geary C,0.0859661122105852
ARI,0.1565354226953417
NMI,0.2975066293835487
asw_celltype,0.4199670851230621
graph_clisi,0.9252088766815492
kBET,0.2525921787709497
KNN_connectivity,0.9939550124067664
bASW,0.3722298592329025
iLISI,0.2510526279504261
PCR,0.0020949721487806
SC_Score,0.9142798251925114
BVC_Score,0.4498045034708754
BER_Score,0.3743849301019651
Final_Score,0.579489752921784
