Metric,Value
Moran Index,0.3852320535436229
Geary C,0.6158584224621031
ARI,0.1379698534561348
NMI,0.1994566736687148
asw_celltype,0.4708015099167824
graph_clisi,0.8577251592558214
kBET,0.5819522170681829
KNN_connectivity,0.9380321748162528
bASW,0.5054578427225352
iLISI,0.483777693141223
PCR,0.2370186001245248
SC_Score,0.3852320535436229
BVC_Score,0.4164882990743633
BER_Score,0.5492477055745437
Final_Score,0.45032268606417664
