Metric,Value
Moran Index,0.4186016300276672
Geary C,0.5761652855127319
Davies-Bouldin Index,2.194259323879388
Silhouette Coefficient,0.0827576518058776
Calinski-Harabaz Index,2856.5874543522955
kBET,0.7169774317012012
KNN_connectivity,0.8236308304721213
bASW,0.4978133905678988
iLISI,0.5337037833746137
PCR,0.4706079067006009
SC_Score,0.4186016300276672
BVC_Score,952.9548237759936
BER_Score,0.6085466685632872
Final_Score,317.99399069152815
