Metric,Value
Moran Index,0.9035233830271852
Geary C,0.0952878615485773
ARI,0.2104205710995738
NMI,0.3788402956668789
asw_celltype,0.463758435100317
graph_clisi,0.9339634122455912
kBET,0.2585192469794886
KNN_connectivity,0.9958997423998291
bASW,0.38416194170713425
iLISI,0.2539552964945094
PCR,0.0044956055417335
SC_Score,0.9035233830271852
BVC_Score,0.4967456785280902
BER_Score,0.37940636662453897
Final_Score,0.5932251427266048
