Metric,Value
Moran Index,0.1805663719148519
Geary C,0.821323461324295
ARI,0.045892831392093
NMI,0.1087866256141904
asw_celltype,0.429689846932888
graph_clisi,0.8003447780717874
kBET,0.8433815577962882
KNN_connectivity,0.924553284713447
bASW,0.4984360176604241
iLISI,0.8048568970636175
PCR,0.3267572702031271
SC_Score,0.1805663719148519
BVC_Score,0.3461785205027397
BER_Score,0.6795970054873808
Final_Score,0.4021139659683241
