Metric,Value
Moran Index,0.9444216461032208
Geary C,0.0555531340709295
ARI,0.2021330132722772
NMI,0.3709842911658127
asw_celltype,0.463758435100317
graph_clisi,0.9339634122455912
kBET,0.2585192469794886
KNN_connectivity,0.9958997423998291
bASW,0.38416194170713425
iLISI,0.2539552964945094
PCR,0.0044956055417335
SC_Score,0.9444216461032208
BVC_Score,0.4927097879459995
BER_Score,0.37940636662453897
Final_Score,0.6055126002245864
