Metric,Value
Moran Index,0.6628917199066333
Geary C,0.3280634246174799
Davies-Bouldin Index,1.4705756656246587
Silhouette Coefficient,0.2282135784626007
Calinski-Harabaz Index,26609.63052477188
kBET,0.6505296229802515
KNN_connectivity,0.8322730413782585
bASW,0.49366947542876
iLISI,0.4726322586280079
PCR,0.407315659975397
SC_Score,0.6628917199066333
BVC_Score,8870.44310467199
BER_Score,0.571284011678135
Final_Score,2957.2257601345245
