Metric,Value
Moran Index,0.0371325879114765
Geary C,0.960276393325198
Davies-Bouldin Index,2.763506973884289
Silhouette Coefficient,0.0467730425298213
Calinski-Harabaz Index,380.2413318740872
kBET,0.8331634182908546
KNN_connectivity,0.941186434192282
bASW,0.4966880821157247
iLISI,0.7937564023418155
PCR,0.3189676121850704
SC_Score,0.0371325879114765
BVC_Score,127.6838706301671
BER_Score,0.6767523898251494
Final_Score,42.79925186930124
