Metric,Value
Moran Index,0.849377022072201
Geary C,0.1480700143374823
ARI,0.136996975275156
NMI,0.2744685508628282
asw_celltype,0.4199670851230621
graph_clisi,0.9252088766815492
kBET,0.2525921787709497
KNN_connectivity,0.9939550124067664
bASW,0.3722298592329025
iLISI,0.2510526279504261
PCR,0.0020949721487806
SC_Score,0.849377022072201
BVC_Score,0.4391603719856488
BER_Score,0.3743849301019651
Final_Score,0.5543074413866049
