Metric,Value
Moran Index,0.5615646543826877
Geary C,0.4437104984908268
Davies-Bouldin Index,2.1282186502278506
Silhouette Coefficient,0.0688368752598762
Calinski-Harabaz Index,2283.3630697406547
kBET,0.7169774317012012
KNN_connectivity,0.8236308304721213
bASW,0.4978133905678988
iLISI,0.5337037833746137
PCR,0.4706079067006009
SC_Score,0.5615646543826877
BVC_Score,761.8533750887142
BER_Score,0.6085466685632872
Final_Score,254.34116213722004
