Metric,Value
Moran Index,0.7913256345574478
Geary C,0.2041353399389963
Davies-Bouldin Index,1.9649290469651448
Silhouette Coefficient,0.1664054095745086
Calinski-Harabaz Index,14305.430377705923
kBET,0.6505296229802515
KNN_connectivity,0.8322730413782585
bASW,0.49366947542876
iLISI,0.4726322586280079
PCR,0.407315659975397
SC_Score,0.7913256345574478
BVC_Score,4769.187237387488
BER_Score,0.571284011678135
Final_Score,1590.1832823445745
