Metric,Value
Moran Index,0.9666383333745924
Geary C,0.0340227947163193
ARI,0.2171273843241654
NMI,0.3782796229763782
asw_celltype,0.463758435100317
graph_clisi,0.9339634122455912
kBET,0.2585192469794886
KNN_connectivity,0.9958997423998291
bASW,0.38416194170713425
iLISI,0.2539552964945094
PCR,0.0044956055417335
SC_Score,0.9666383333745924
BVC_Score,0.4982822136616129
BER_Score,0.37940636662453897
Final_Score,0.6147756378869147
