Metric,Value
Moran Index,0.4219037835364319
Geary C,0.5750873131946765
Davies-Bouldin Index,3.782608151989385
Silhouette Coefficient,0.002437095856294
Calinski-Harabaz Index,178.0427482310347
kBET,0.8331634182908546
KNN_connectivity,0.941186434192282
bASW,0.4966880821157247
iLISI,0.7937564023418155
PCR,0.3189676121850704
SC_Score,0.4219037835364319
BVC_Score,60.60926449296013
BER_Score,0.6767523898251494
Final_Score,20.5693068887739
