Metric,Value
Moran Index,0.712017315420755
Geary C,0.2782884298201131
Davies-Bouldin Index,1.4875026569504703
Silhouette Coefficient,0.2264547497034073
Calinski-Harabaz Index,26736.31816926465
kBET,0.6505296229802515
KNN_connectivity,0.8322730413782585
bASW,0.49366947542876
iLISI,0.4726322586280079
PCR,0.407315659975397
SC_Score,0.712017315420755
BVC_Score,8912.677375557103
BER_Score,0.571284011678135
Final_Score,2971.320225628067
