Metric,Value
Moran Index,0.1957383757768712
Geary C,0.8046222216860052
Davies-Bouldin Index,1.3212287819679938
Silhouette Coefficient,0.22830726206302643
Calinski-Harabaz Index,3081.7832926382066
SC_Score,0.1957383757768712
BVC_Score,1027.7776095607458
Total_Score,513.9866739682614
