Metric,Value
Moran Index,0.46865508393975697
Geary C,0.5320038976279728
Davies-Bouldin Index,2.1880670293799622
Silhouette Coefficient,0.1001187264919281
Calinski-Harabaz Index,2168.6405198914263
SC_Score,0.46865508393975697
BVC_Score,723.6429018824327
Total_Score,362.05577848318626
