Metric,Value
Moran Index,0.26809419082923897
Geary C,0.7191270582827439
Davies-Bouldin Index,1.2078162330167301
Silhouette Coefficient,0.23927660286426544
Calinski-Harabaz Index,4096.462293264356
SC_Score,0.26809419082923897
BVC_Score,1365.9697953667458
Total_Score,683.1189447787875
