Metric,Value
Moran Index,0.5107308817272702
Geary C,0.4890556767177499
Davies-Bouldin Index,1.7558686200056455
Silhouette Coefficient,0.1261201798915863
Calinski-Harabaz Index,2654.8924772572304
SC_Score,0.5107308817272702
BVC_Score,885.5914886857091
Total_Score,443.0511097837182
