Metric,Value
Moran Index,0.41450350715718276
Geary C,0.585613045263972
Davies-Bouldin Index,1.52883966186051
Silhouette Coefficient,0.16446180641651154
Calinski-Harabaz Index,3056.4664586431154
SC_Score,0.41450350715718276
BVC_Score,1019.3865867037975
Total_Score,509.90054510547736
