Metric,Value
Moran Index,0.5439826928550794
Geary C,0.4389194743170646
Davies-Bouldin Index,1.3509195408236538
Silhouette Coefficient,0.18728551268577576
Calinski-Harabaz Index,3549.307724844782
SC_Score,0.5439826928550794
BVC_Score,1183.6153099660971
Total_Score,592.0796463294761
