Metric,Value
Moran Index,0.4119832213982242
Geary C,0.5895324295551005
Davies-Bouldin Index,1.3128736330586745
Silhouette Coefficient,0.22032791376113892
Calinski-Harabaz Index,4085.7349365336304
SC_Score,0.4119832213982242
BVC_Score,1362.4227126934834
Total_Score,681.4173479574408
