Metric,Value
Moran Index,0.4903556926518119
Geary C,0.5077786528452304
Davies-Bouldin Index,2.1250612217006624
Silhouette Coefficient,0.0667652115225792
Calinski-Harabaz Index,1533.5810435801468
SC_Score,0.4903556926518119
BVC_Score,511.9242900044567
Total_Score,256.20732284855427
