Metric,Value
Moran Index,0.5980330988245938
Geary C,0.38936093027079216
Davies-Bouldin Index,1.393564633589809
Silhouette Coefficient,0.17295391857624054
Calinski-Harabaz Index,3443.6956698419854
SC_Score,0.5980330988245938
BVC_Score,1148.4207294647172
Total_Score,574.5093812817709
