Metric,Value
Moran Index,0.4049600205842641
Geary C,0.5979445543159387
Davies-Bouldin Index,1.5024218922298058
Silhouette Coefficient,0.16610899567604065
Calinski-Harabaz Index,3392.695575306619
SC_Score,0.4049600205842641
BVC_Score,1131.4547020648417
Total_Score,565.929831042713
