Metric,Value
Moran Index,0.7501598009228517
Geary C,0.251661542706743
Davies-Bouldin Index,2.574434138352952
Silhouette Coefficient,0.048819348216056824
Calinski-Harabaz Index,1897.2059252898816
SC_Score,0.7501598009228517
BVC_Score,633.2763929254835
Total_Score,317.01327636320315
