Metric,Value
Moran Index,0.3983578058101232
Geary C,0.6010617358705044
Davies-Bouldin Index,1.4732253235157549
Silhouette Coefficient,0.2012295424938202
Calinski-Harabaz Index,2822.242228661704
SC_Score,0.3983578058101232
BVC_Score,941.3055611759045
Total_Score,470.8519594908573
