Metric,Value
Moran Index,0.4454629414943077
Geary C,0.5544265193892
Davies-Bouldin Index,1.5889085162069385
Silhouette Coefficient,0.1711558699607849
Calinski-Harabaz Index,3117.461660159148
SC_Score,0.4454629414943077
BVC_Score,1039.7405748484387
Total_Score,520.0930188949665
