Metric,Value
Moran Index,0.38677345508850786
Geary C,0.6134833114587335
Davies-Bouldin Index,1.4654046481690781
Silhouette Coefficient,0.18165647983551025
Calinski-Harabaz Index,3600.5790733916333
SC_Score,0.38677345508850786
BVC_Score,1200.7420448398793
Total_Score,600.564409147484
