Metric,Value
Moran Index,0.6180975458417262
Geary C,0.38370324728330524
Davies-Bouldin Index,1.5688027360790773
Silhouette Coefficient,0.20540478825569153
Calinski-Harabaz Index,2570.035712172746
SC_Score,0.6180975458417262
BVC_Score,857.2699732323603
Total_Score,428.944035389101
