Metric,Value
Moran Index,0.33764819574827354
Geary C,0.6635813367547396
Davies-Bouldin Index,1.3170261299491004
Silhouette Coefficient,0.2278188169002533
Calinski-Harabaz Index,3679.9976588901395
SC_Score,0.33764819574827354
BVC_Score,1227.1808346123296
Total_Score,613.7592414040389
