Metric,Value
Moran Index,0.4618602025074148
Geary C,0.5372607564935198
Davies-Bouldin Index,1.2313389930000085
Silhouette Coefficient,0.21776975691318512
Calinski-Harabaz Index,16193.788183825429
SC_Score,0.4618602025074148
BVC_Score,5398.412430858448
Total_Score,2699.4371455304777
