Metric,Value
Moran Index,0.4955191026436736
Geary C,0.5040705564497722
Davies-Bouldin Index,1.0739745477563984
Silhouette Coefficient,0.27677851915359497
Calinski-Harabaz Index,11957.987028756168
SC_Score,0.4955191026436736
BVC_Score,3986.4459272743593
Total_Score,1993.4707231885016
