Metric,Value
Moran Index,0.10016535470531766
Geary C,0.901636318187113
Davies-Bouldin Index,0.9669682466481421
Silhouette Coefficient,0.28045400977134705
Calinski-Harabaz Index,23776.278683151777
SC_Score,0.10016535470531766
BVC_Score,7925.8420351360655
Total_Score,3962.9711002453855
