Metric,Value
Moran Index,0.41667171150076915
Geary C,0.5829513213225787
Davies-Bouldin Index,0.9481854399686256
Silhouette Coefficient,0.17853236198425293
Calinski-Harabaz Index,17289.086397542967
SC_Score,0.41667171150076915
BVC_Score,5763.404371781639
Total_Score,2881.91052174657
