Metric,Value
Moran Index,0.7275151776692177
Geary C,0.2721856732622124
Davies-Bouldin Index,4.201414522517529
Silhouette Coefficient,-0.002176564419642091
Calinski-Harabaz Index,3946.2610202118353
SC_Score,0.7275151776692177
BVC_Score,1316.8200860566444
Total_Score,658.7738006171568
