Metric,Value
Moran Index,0.4658177182654475
Geary C,0.5361690190602139
Davies-Bouldin Index,5.221467362475557
Silhouette Coefficient,-0.4660337567329407
Calinski-Harabaz Index,966.19634976231
SC_Score,0.4658177182654475
BVC_Score,323.65059445601753
Total_Score,162.05820608714149
