Metric,Value
Moran Index,0.6927203752171445
Geary C,0.30888272712698106
Davies-Bouldin Index,1.052616609614761
Silhouette Coefficient,0.1535194218158722
Calinski-Harabaz Index,7597.51790829688
SC_Score,0.6927203752171445
BVC_Score,2532.9080147761038
Total_Score,1266.8003675756604
