Metric,Value
Moran Index,0.17473206092025928
Geary C,0.8250999599974315
Davies-Bouldin Index,1.078635861843652
Silhouette Coefficient,0.24507087469100952
Calinski-Harabaz Index,16327.889441366293
SC_Score,0.17473206092025928
BVC_Score,5443.07104936761
Total_Score,2721.622890714265
