Metric,Value
Moran Index,0.41111747962899686
Geary C,0.5889354921646217
Davies-Bouldin Index,1.3231051812963615
Silhouette Coefficient,0.20711691677570343
Calinski-Harabaz Index,11615.879437848238
SC_Score,0.41111747962899686
BVC_Score,3872.46988664877
Total_Score,1936.4405020641996
