Metric,Value
Moran Index,0.41744706131564224
Geary C,0.5823691116864658
Davies-Bouldin Index,1.0239022226519512
Silhouette Coefficient,0.2825913727283478
Calinski-Harabaz Index,21477.471374022327
SC_Score,0.41744706131564224
BVC_Score,7159.592622539236
Total_Score,3580.0050348002756
