Metric,Value
Moran Index,0.6549735297758476
Geary C,0.34480574516190277
Davies-Bouldin Index,1.2846606633698363
Silhouette Coefficient,0.20118209719657898
Calinski-Harabaz Index,9025.801186471872
SC_Score,0.6549735297758476
BVC_Score,3009.0956764108128
Total_Score,1504.8753249702943
