Metric,Value
Moran Index,0.11439205637925016
Geary C,0.8860789425387313
Davies-Bouldin Index,0.8993601557624861
Silhouette Coefficient,0.31226521730422974
Calinski-Harabaz Index,27465.726860818955
SC_Score,0.11439205637925016
BVC_Score,9155.646162064008
Total_Score,4577.880277060193
