Metric,Value
Moran Index,0.5528312873801192
Geary C,0.4444851434654075
Davies-Bouldin Index,0.8782756118601002
Silhouette Coefficient,0.17393767833709717
Calinski-Harabaz Index,13611.525517414608
SC_Score,0.5528312873801192
BVC_Score,4537.525910234935
Total_Score,2269.0393707611574
