Metric,Value
Moran Index,0.5292496745596693
Geary C,0.469993183110481
Davies-Bouldin Index,1.242666892088781
Silhouette Coefficient,0.048720087856054306
Calinski-Harabaz Index,6601.839650761285
SC_Score,0.5292496745596693
BVC_Score,2201.043679247077
Total_Score,1100.7864644608183
