Metric,Value
Moran Index,0.5991715774776212
Geary C,0.3988540006905682
Davies-Bouldin Index,4.159670291035166
Silhouette Coefficient,-0.16205868124961853
Calinski-Harabaz Index,1124.2997381196867
SC_Score,0.5991715774776212
BVC_Score,376.09911657649076
Total_Score,188.3491440769842
