Metric,Value
Moran Index,0.531948861452249
Geary C,0.4663383943569793
Davies-Bouldin Index,5.339036108182892
Silhouette Coefficient,-0.23506253957748413
Calinski-Harabaz Index,1300.5536221019145
SC_Score,0.531948861452249
BVC_Score,435.21919855683996
Total_Score,217.8755737091461
