Metric,Value
Moran Index,0.4766297436441286
Geary C,0.5183871299725383
Davies-Bouldin Index,1.434419402338713
Silhouette Coefficient,0.3257485
Calinski-Harabaz Index,4842.004584736452
kBET,0.6831484257871064
KNN_connectivity,0.9943862208056471
bASW,0.4955364605411887
iLISI,0.6583574728472867
PCR,0.30622247261250857
SC_Score,0.4766297436441286
BVC_Score,1614.5882508806662
BER_Score,0.6275302105187476
Final_Score,538.564136944943
Scenario,without_rna
Dataset_Short,Mouse_Spleen
