Metric,Value
Moran Index,0.5345465341538916
Geary C,0.46605360061274625
Davies-Bouldin Index,1.33976910243821
Silhouette Coefficient,0.30380946
Calinski-Harabaz Index,4941.615409452616
kBET,0.7062368815592204
KNN_connectivity,0.9941915167558029
bASW,0.49904499313561246
iLISI,0.6787126798591654
PCR,0.2291981630458082
SC_Score,0.5345465341538916
BVC_Score,1647.7529960063441
BER_Score,0.6214768468711218
Final_Score,549.6363397957897
Scenario,without_second
Dataset_Short,Mouse_Spleen
