Metric,Value
Moran Index,0.48544796608158636
Geary C,0.5134270251715293
Davies-Bouldin Index,1.2911382718830664
Silhouette Coefficient,0.3636915
Calinski-Harabaz Index,5128.789542172803
kBET,0.6831484257871064
KNN_connectivity,0.9943862208056471
bASW,0.4955364605411887
iLISI,0.6583574728472867
PCR,0.30622247261250857
SC_Score,0.48544796608158636
BVC_Score,1710.1481239844852
BER_Score,0.6275302105187476
Final_Score,570.4203673870285
Scenario,without_rna
Dataset_Short,Mouse_Spleen
