Metric,Value
Moran Index,0.5326854219650019
Geary C,0.4592393133129233
Davies-Bouldin Index,1.2712542253646235
Silhouette Coefficient,0.27829874
Calinski-Harabaz Index,4314.456436549652
kBET,0.7062368815592204
KNN_connectivity,0.9941915167558029
bASW,0.49904499313561246
iLISI,0.6787126798591654
PCR,0.2291981630458082
SC_Score,0.5326854219650019
BVC_Score,1438.6686631702116
BER_Score,0.6214768468711218
Final_Score,479.94094181301585
Scenario,without_second
Dataset_Short,Mouse_Spleen
