Metric,Value
Moran Index,0.647373324261002
Geary C,0.3497958708723475
Davies-Bouldin Index,1.6224712845006544
Silhouette Coefficient,0.28153357
Calinski-Harabaz Index,3992.5687738213496
kBET,0.6831484257871064
KNN_connectivity,0.9943862208056471
bASW,0.4955364605411887
iLISI,0.6583574728472867
PCR,0.30622247261250857
SC_Score,0.647373324261002
BVC_Score,1331.4909262249826
BER_Score,0.6275302105187476
Final_Score,444.2552765865874
Scenario,without_rna
Dataset_Short,Mouse_Spleen
