Metric,Value
Moran Index,0.5123837851961731
Geary C,0.48990198128411133
Davies-Bouldin Index,1.3542762048754327
Silhouette Coefficient,0.22404034
Calinski-Harabaz Index,4273.9133257751655
kBET,0.7062368815592204
KNN_connectivity,0.9941915167558029
bASW,0.49904499313561246
iLISI,0.6787126798591654
PCR,0.2291981630458082
SC_Score,0.5123837851961731
BVC_Score,1425.1638807747995
BER_Score,0.6214768468711218
Final_Score,475.43258046895556
Scenario,without_second
Dataset_Short,Mouse_Spleen
