Metric,Value
Moran Index,0.47269064221769724
Geary C,0.5291340386766434
Davies-Bouldin Index,0.664455308077988
Silhouette Coefficient,0.5346815586090088
Calinski-Harabaz Index,10615.17159672152
SC_Score,0.47269064221769724
BVC_Score,3538.7902445294026
Total_Score,1769.6314675858102
