Metric,Value
Moran Index,0.320953735951192
Geary C,0.6755060108874948
Davies-Bouldin Index,0.6856049537735361
Silhouette Coefficient,0.5171359777450562
Calinski-Harabaz Index,54818.22674137014
SC_Score,0.320953735951192
BVC_Score,18273.14316076722
Total_Score,9136.732057251586
