Metric,Value
Moran Index,0.8193630514378906
Geary C,0.18110604465965868
Davies-Bouldin Index,0.7817630316122379
Silhouette Coefficient,0.3884294033050537
Calinski-Harabaz Index,33835.87380734432
SC_Score,0.8193630514378906
BVC_Score,11279.014666593079
Total_Score,5639.917014822258
