Metric,Value
Moran Index,0.7247318592261023
Geary C,0.27621360219085317
Davies-Bouldin Index,1.4905629610030957
Silhouette Coefficient,0.142763152718544
Calinski-Harabaz Index,1857.6648306791678
SC_Score,0.7247318592261023
BVC_Score,619.7660522642965
Total_Score,310.2453920617613
