Metric,Value
Moran Index,0.7971128717871059
Geary C,0.20378230026788147
Davies-Bouldin Index,0.8046425202771179
Silhouette Coefficient,0.40578609704971313
Calinski-Harabaz Index,37964.06991046919
SC_Score,0.7971128717871059
BVC_Score,12655.093446362172
Total_Score,6327.94527961698
