Metric,Value
Moran Index,0.7895865320121835
Geary C,0.21037164391318017
Davies-Bouldin Index,1.5761893310988704
Silhouette Coefficient,0.11387000232934952
Calinski-Harabaz Index,1373.0311296249627
SC_Score,0.7895865320121835
BVC_Score,458.2403963194636
Total_Score,229.51499142573792
