Metric,Value
Moran Index,0.5273592353109607
Geary C,0.46572440554871475
Davies-Bouldin Index,0.7000531849252768
Silhouette Coefficient,0.48990336060523987
Calinski-Harabaz Index,66173.86645070201
SC_Score,0.5273592353109607
BVC_Score,22058.35213574918
Total_Score,11029.439747492246
