Metric,Value
Moran Index,0.7346910897070437
Geary C,0.26562500638164466
Davies-Bouldin Index,0.7258226876697889
Silhouette Coefficient,0.4075680077075958
Calinski-Harabaz Index,8172.564193764937
SC_Score,0.7346910897070437
BVC_Score,2724.5658614867716
Total_Score,1362.6502762882394
