Metric,Value
Moran Index,0.7699079595767175
Geary C,0.23099357315248115
Davies-Bouldin Index,0.7575364167866019
Silhouette Coefficient,0.42079469561576843
Calinski-Harabaz Index,42561.52321498635
SC_Score,0.7699079595767175
BVC_Score,14187.567182032917
Total_Score,7094.168544996247
