Metric,Value
Moran Index,0.5058952610289672
Geary C,0.4965344488141706
Davies-Bouldin Index,1.090152462987699
Silhouette Coefficient,0.22314617037773132
Calinski-Harabaz Index,2703.1808290467948
SC_Score,0.5058952610289672
BVC_Score,901.4980425600534
Total_Score,451.00196891054117
