Metric,Value
Moran Index,0.7694398295783225
Geary C,0.23184831231684996
Davies-Bouldin Index,0.7238235282100893
Silhouette Coefficient,0.4145602285861969
Calinski-Harabaz Index,8664.217121493451
SC_Score,0.7694398295783225
BVC_Score,2888.4518350834155
Total_Score,1444.610637456497
