Metric,Value
Moran Index,0.7650005643533864
Geary C,0.2343750006028931
Davies-Bouldin Index,0.8004944143038575
Silhouette Coefficient,0.4033360183238983
Calinski-Harabaz Index,31492.63560887699
SC_Score,0.7650005643533864
BVC_Score,10497.946479769873
Total_Score,5249.355740167113
