Metric,Value
Moran Index,0.474775315444936
Geary C,0.5276252246724987
Davies-Bouldin Index,1.3784885913338905
Silhouette Coefficient,0.2523345649242401
Calinski-Harabaz Index,2385.3461629607004
SC_Score,0.474775315444936
BVC_Score,795.6589953723195
Total_Score,398.06688534388223
