Metric,Value
Moran Index,0.7973605195107285
Geary C,0.20367763678745154
Davies-Bouldin Index,1.5376753976128144
Silhouette Coefficient,0.1610981971025467
Calinski-Harabaz Index,1788.3946678907034
SC_Score,0.7973605195107285
BVC_Score,596.6978138284729
Total_Score,298.7475871739918
