Metric,Value
Moran Index,0.6415034664173734
Geary C,0.3578284671184184
Davies-Bouldin Index,0.8948027947505182
Silhouette Coefficient,0.20213876877844644
Calinski-Harabaz Index,411.10758730072735
SC_Score,0.6415034664173734
BVC_Score,137.40150962141877
Total_Score,69.02150654391806
