Metric,Value
Moran Index,0.5225602775960044
Geary C,0.47772680253850247
Davies-Bouldin Index,2.249162056740663
Silhouette Coefficient,0.09190615867310062
Calinski-Harabaz Index,82.7702552564558
SC_Score,0.5225602775960044
BVC_Score,28.370441157289857
Total_Score,14.44650071744293
