Metric,Value
Moran Index,0.5719316781835841
Geary C,0.4088655837956924
Davies-Bouldin Index,0.46575743664909514
Silhouette Coefficient,0.23543084015005689
Calinski-Harabaz Index,436.22952297767085
SC_Score,0.5719316781835841
BVC_Score,145.64357041815666
Total_Score,73.10775104817012
