Metric,Value
Moran Index,0.1919950872912962
Geary C,0.7980202422367131
Davies-Bouldin Index,4.267539603742896
Silhouette Coefficient,0.041365508102933116
Calinski-Harabaz Index,67.7247524506952
SC_Score,0.1919950872912962
BVC_Score,24.011219187513678
Total_Score,12.101607137402487
