Metric,Value
Moran Index,0.128509370708111
Geary C,0.8627404920795795
Davies-Bouldin Index,4.557538344675582
Silhouette Coefficient,0.01689592082672232
Calinski-Harabaz Index,60.64546662661193
SC_Score,0.128509370708111
BVC_Score,21.739966964038075
Total_Score,10.934238167373094
