Metric,Value
Moran Index,0.5778226860349458
Geary C,0.41251019480715645
Davies-Bouldin Index,2.206767845852969
Silhouette Coefficient,0.053970074850300774
Calinski-Harabaz Index,66.8248867524198
SC_Score,0.5778226860349458
BVC_Score,23.028541557707687
Total_Score,11.803182121871316
