Metric,Value
Moran Index,0.2594677487862771
Geary C,0.737695524730611
Davies-Bouldin Index,1.7726707212411985
Silhouette Coefficient,0.1471655884869182
Calinski-Harabaz Index,225.66696936461258
SC_Score,0.2594677487862771
BVC_Score,75.86226855811357
Total_Score,38.060868153449924
