Metric,Value
Moran Index,0.2594973626773257
Geary C,0.739695854769716
Davies-Bouldin Index,2.3206203606550453
Silhouette Coefficient,0.04866002568490515
Calinski-Harabaz Index,265.0217729276434
SC_Score,0.2594973626773257
BVC_Score,89.1303511046611
Total_Score,44.69492423366921
