Metric,Value
Moran Index,0.4977548297993882
Geary C,0.5037534489399168
Davies-Bouldin Index,5.23578762747973
Silhouette Coefficient,-0.010151169276650123
Calinski-Harabaz Index,57.83870064549561
SC_Score,0.4977548297993882
BVC_Score,21.021445701232896
Total_Score,10.759600265516141
