Metric,Value
Moran Index,0.3194626476449482
Geary C,0.6712798155564986
Davies-Bouldin Index,2.18079702472195
Silhouette Coefficient,0.036565309292916646
Calinski-Harabaz Index,69.23643692904815
SC_Score,0.3194626476449482
BVC_Score,23.817933087687674
Total_Score,12.06869786766631
