Metric,Value
Moran Index,0.2818609928349685
Geary C,0.7200878970210448
Davies-Bouldin Index,6.678071480135334
Silhouette Coefficient,0.001181736443975437
Calinski-Harabaz Index,74.71820128986417
SC_Score,0.2818609928349685
BVC_Score,27.13248483548116
Total_Score,13.707172914158065
