Metric,Value
Moran Index,0.5764134151666501
Geary C,0.4152372953510792
Davies-Bouldin Index,2.0903861940735187
Silhouette Coefficient,0.05629492311959101
Calinski-Harabaz Index,62.93193522024437
SC_Score,0.5764134151666501
BVC_Score,21.69287211247916
Total_Score,11.134642763822907
