Metric,Value
Moran Index,0.4694829399864948
Geary C,0.5237255857836115
Davies-Bouldin Index,2.057813072297022
Silhouette Coefficient,0.0033095092423284516
Calinski-Harabaz Index,68.13744020826991
SC_Score,0.4694829399864948
BVC_Score,23.39952092993642
Total_Score,11.934501934961457
