Metric,Value
Moran Index,0.39089770184226524
Geary C,0.6001739464467143
Davies-Bouldin Index,2.2697665450876814
Silhouette Coefficient,0.015596543222090205
Calinski-Harabaz Index,64.75479775726163
SC_Score,0.39089770184226524
BVC_Score,22.34672028185713
Total_Score,11.368808991849699
