Metric,Value
Moran Index,0.6493839524702701
Geary C,0.3390586112646875
Davies-Bouldin Index,0.8976385950528663
Silhouette Coefficient,0.1600949418989292
Calinski-Harabaz Index,371.7005083762889
SC_Score,0.6493839524702701
BVC_Score,124.25274730441356
Total_Score,62.45106562844192
