Metric,Value
Moran Index,0.6237009109101371
Geary C,0.37900043055567817
Davies-Bouldin Index,0.7917148837931526
Silhouette Coefficient,0.2020426604356051
Calinski-Harabaz Index,462.9173031075627
SC_Score,0.6237009109101371
BVC_Score,154.63702021726382
Total_Score,77.63036056408698
