Metric,Value
Moran Index,0.4707846302491884
Geary C,0.5253273600704297
Davies-Bouldin Index,1.5939763690612587
Silhouette Coefficient,0.16626997518433267
Calinski-Harabaz Index,471.76867278904666
SC_Score,0.4707846302491884
BVC_Score,157.84297304443075
Total_Score,79.15687883733997
