Metric,Value
Moran Index,0.5122834528727429
Geary C,0.48274180129882704
Davies-Bouldin Index,1.6805771890385817
Silhouette Coefficient,0.14852112386406305
Calinski-Harabaz Index,448.7017957228057
SC_Score,0.5122834528727429
BVC_Score,150.17696467856945
Total_Score,75.34462406572109
