Metric,Value
Moran Index,0.5754587629589146
Geary C,0.4208064349070155
Davies-Bouldin Index,1.5561096957377216
Silhouette Coefficient,0.11551689764192852
Calinski-Harabaz Index,599.1976310183331
SC_Score,0.5754587629589146
BVC_Score,200.2897525372376
Total_Score,100.43260565009825
