Metric,Value
Moran Index,0.5860214419663217
Geary C,0.4120526393090251
Davies-Bouldin Index,1.69851614033653
Silhouette Coefficient,0.1738240301169999
Calinski-Harabaz Index,592.3283834043395
SC_Score,0.5860214419663217
BVC_Score,198.06690785826436
Total_Score,99.32646465011534
