Metric,Value
Moran Index,0.5467414367990525
Geary C,0.4469141232071208
Davies-Bouldin Index,3.2471650971368633
Silhouette Coefficient,0.061942907035773424
Calinski-Harabaz Index,210.6228915154161
SC_Score,0.5467414367990525
BVC_Score,71.31066650652957
Total_Score,35.92870397166431
