Metric,Value
Moran Index,0.6177539920835139
Geary C,0.38104236896467697
Davies-Bouldin Index,1.2391507679277525
Silhouette Coefficient,0.2226595682226071
Calinski-Harabaz Index,715.4515571390599
SC_Score,0.6177539920835139
BVC_Score,238.97112249173676
Total_Score,119.79443824191014
