Metric,Value
Moran Index,0.6937479745183533
Geary C,0.307802197639681
Davies-Bouldin Index,2.6821036421809614
Silhouette Coefficient,0.09228342535488819
Calinski-Harabaz Index,321.6589840983676
SC_Score,0.6937479745183533
BVC_Score,108.14445705530115
Total_Score,54.41910251490975
