Metric,Value
Moran Index,0.5578457089542708
Geary C,0.4350862511825203
Davies-Bouldin Index,1.7528224899365654
Silhouette Coefficient,0.13608680555143277
Calinski-Harabaz Index,421.0305420220828
SC_Score,0.5578457089542708
BVC_Score,140.97315043919028
Total_Score,70.76549807407227
