Metric,Value
Moran Index,0.7588194147494285
Geary C,0.234708231167842
Davies-Bouldin Index,1.1780557386863486
Silhouette Coefficient,0.2281627655029297
Calinski-Harabaz Index,1991.717107060406
SC_Score,0.7588194147494285
BVC_Score,664.3744418548652
Total_Score,332.56663063480727
