Metric,Value
Moran Index,0.6657367617301408
Geary C,0.33596292850628606
Davies-Bouldin Index,1.2525916787824836
Silhouette Coefficient,0.26249557733535767
Calinski-Harabaz Index,1304.4456749613225
SC_Score,0.6657367617301408
BVC_Score,435.3202540724801
Total_Score,217.99299541710513
