Metric,Value
Moran Index,0.5932683829695574
Geary C,0.40855639891891143
Davies-Bouldin Index,1.2903071459696358
Silhouette Coefficient,0.20491617918014526
Calinski-Harabaz Index,1337.9167063596558
SC_Score,0.5932683829695574
BVC_Score,446.4706432282685
Total_Score,223.53195580561902
