Metric,Value
Moran Index,0.6199804389486899
Geary C,0.37502180370432525
Davies-Bouldin Index,1.158995056940265
Silhouette Coefficient,0.253677099943161
Calinski-Harabaz Index,2159.2040675781077
SC_Score,0.6199804389486899
BVC_Score,720.2055799116637
Total_Score,360.4127801753062
