Metric,Value
Moran Index,0.21934289930668494
Geary C,0.7858804509714671
Davies-Bouldin Index,1.1759186847344716
Silhouette Coefficient,0.2814704477787018
Calinski-Harabaz Index,2585.143221757107
SC_Score,0.21934289930668494
BVC_Score,862.2002036298733
Total_Score,431.20977326458996
