Metric,Value
Moran Index,0.7513069390015709
Geary C,0.2496969067589754
Davies-Bouldin Index,1.7982648195780868
Silhouette Coefficient,0.18315711617469788
Calinski-Harabaz Index,911.8222135157532
SC_Score,0.7513069390015709
BVC_Score,304.6012118171687
Total_Score,152.67625937808512
