Metric,Value
Moran Index,0.4313532126420153
Geary C,0.5736874359261369
Davies-Bouldin Index,1.141448871778603
Silhouette Coefficient,0.28193947672843933
Calinski-Harabaz Index,2286.2581578327754
SC_Score,0.4313532126420153
BVC_Score,762.5605153937609
Total_Score,381.4959343032014
