Metric,Value
Moran Index,0.3930398444983925
Geary C,0.6048650143101647
Davies-Bouldin Index,1.3052805484256869
Silhouette Coefficient,0.2305995374917984
Calinski-Harabaz Index,1656.3571853027022
SC_Score,0.3930398444983925
BVC_Score,552.6310217962066
Total_Score,276.5120308203525
