Metric,Value
Moran Index,0.47468537335936045
Geary C,0.535067276245669
Davies-Bouldin Index,1.1950808731387716
Silhouette Coefficient,0.283181369304657
Calinski-Harabaz Index,1515.3484011982823
SC_Score,0.47468537335936045
BVC_Score,505.6088878135752
Total_Score,253.0417865934673
