Metric,Value
Moran Index,0.5173611002658136
Geary C,0.478952622415983
Davies-Bouldin Index,1.2823275714033016
Silhouette Coefficient,0.20111697912216187
Calinski-Harabaz Index,1856.630265594053
SC_Score,0.5173611002658136
BVC_Score,619.3712367148595
Total_Score,309.94429890756265
