Metric,Value
Moran Index,0.39977660230656537
Geary C,0.6012126633553555
Davies-Bouldin Index,1.233639122093794
Silhouette Coefficient,0.28324708342552185
Calinski-Harabaz Index,1831.231372016251
SC_Score,0.39977660230656537
BVC_Score,610.9160860739235
Total_Score,305.657931338115
