Metric,Value
Moran Index,0.7014051606379745
Geary C,0.2925792450605549
Davies-Bouldin Index,1.1933251552089923
Silhouette Coefficient,0.29899802803993225
Calinski-Harabaz Index,1991.5761485048859
SC_Score,0.7014051606379745
BVC_Score,664.3561572293783
Total_Score,332.5287811950081
