Metric,Value
Moran Index,0.6315935628793203
Geary C,0.36491420944951247
Davies-Bouldin Index,1.1956955131729627
Silhouette Coefficient,0.2543262839317322
Calinski-Harabaz Index,1616.6462092013144
SC_Score,0.6315935628793203
BVC_Score,539.3654103328064
Total_Score,269.99850194784284
