Method,Dataset,Task,N_Cells,Embedding_Dim,CM_GTC,N_Modalities
MISO_3Mv2,3M_Simulation,3M,1296,192,0.1283692886745053,3
PRAGA_3Mv2,3M_Simulation,3M,1296,128,0.0441203282005603,3
PRESENT_3Mv2,3M_Simulation,3M,1296,50,0.0,3
SMOPCA_3Mv2,3M_Simulation,3M,1296,20,0.0583747042919443,3
SpaBalance_3Mv2,3M_Simulation,3M,1296,64,0.0232026707266338,3
SpaMV_3Mv2,3M_Simulation,3M,1296,128,0.0452719114955313,3
SpatialGlue_3Mv2,3M_Simulation,3M,1296,64,0.0842618158620675,3
