Metric,Value
Moran Index,0.552653637304781
Geary C,0.4456912349489632
Davies-Bouldin Index,1.4555209979195594
Silhouette Coefficient,0.2143548727035522
Calinski-Harabaz Index,2390.0537323481144
kBET,0.8768215892053975
KNN_connectivity,0.969705512938253
bASW,0.498851667623967
iLISI,0.8405113054332561
PCR,0.4006737774978802
SC_Score,0.552653637304781
BVC_Score,797.2412027395791
BER_Score,0.7173127705397507
Final_Score,266.17038971580786
