Metric,Value
Moran Index,0.8624751368993102
Geary C,0.1376496495186124
ARI,0.0528055913238343
NMI,0.1153551991514416
asw_celltype,0.471993101760745
graph_clisi,0.9038522609786808
kBET,0.5392767719088233
KNN_connectivity,0.9923645186670336
bASW,0.4587400518357754
iLISI,0.4552482165301346
PCR,0.2277421465133414
SC_Score,0.8624751368993102
BVC_Score,0.3860015383036754
BER_Score,0.5346743410910217
Final_Score,0.5943836720980025
