Metric,Value
Moran Index,0.7277282115378205
Geary C,0.271372533827899
ARI,0.0242598684494357
NMI,0.0530714772616581
asw_celltype,0.3708222359418869
graph_clisi,0.5
kBET,0.851296089385475
KNN_connectivity,0.3329693984896863
bASW,0.5373925268650055
iLISI,0.6776167929634902
PCR,0.6692748616335129
SC_Score,0.7277282115378205
BVC_Score,0.2370383954132452
BER_Score,0.6137099338674339
Final_Score,0.5261588469394999
