Metric,Value
Moran Index,0.6871690887316794
Geary C,0.3096747693807902
ARI,0.0302942204594549
NMI,0.0830771757534147
asw_celltype,0.3708222359418869
graph_clisi,0.5
kBET,0.851296089385475
KNN_connectivity,0.3329693984896863
bASW,0.5373925268650055
iLISI,0.6776167929634902
PCR,0.6692748616335129
SC_Score,0.6871690887316794
BVC_Score,0.2460484080386891
BER_Score,0.6137099338674339
Final_Score,0.5156424768792675
