Metric,Value
Moran Index,0.8124337727912813
Geary C,0.1840619715093132
ARI,0.0243569862892059
NMI,0.083756871287125
asw_celltype,0.3708222359418869
graph_clisi,0.5
kBET,0.851296089385475
KNN_connectivity,0.3329693984896863
bASW,0.5373925268650055
iLISI,0.6776167929634902
PCR,0.6692748616335129
SC_Score,0.8124337727912813
BVC_Score,0.2447340233795544
BER_Score,0.6137099338674339
Final_Score,0.5569592433460898
