Metric,Value
Moran Index,0.6432835221112513
Geary C,0.3564961490689649
Davies-Bouldin Index,1.4421643736731315
Silhouette Coefficient,0.2020708322525024
Calinski-Harabaz Index,2233.048087678092
kBET,0.8768215892053975
KNN_connectivity,0.969705512938253
bASW,0.498851667623967
iLISI,0.8405113054332561
PCR,0.4006737774978802
SC_Score,0.6432835221112513
BVC_Score,744.8974409613393
BER_Score,0.7173127705397507
Final_Score,248.7526790846634
