Metric,Value
Moran Index,0.7749907468598026
Geary C,0.2250252499537274
Davies-Bouldin Index,1.1882731943372096
Silhouette Coefficient,0.2586959898471832
Calinski-Harabaz Index,3006.6533692691746
kBET,0.6395332136445243
KNN_connectivity,0.7549697747682723
bASW,0.5007732462254353
iLISI,0.4907115295553884
PCR,0.4700406591742018
SC_Score,0.7749907468598026
BVC_Score,1002.7001128177864
BER_Score,0.5712056846735645
Final_Score,334.6821030831066
