Metric,Value
Moran Index,0.5392975197935094
Geary C,0.4512042211360882
Davies-Bouldin Index,1.3125517617280134
Silhouette Coefficient,0.2460433095693588
Calinski-Harabaz Index,2768.8597473379245
kBET,0.8768215892053975
KNN_connectivity,0.969705512938253
bASW,0.498851667623967
iLISI,0.8405113054332561
PCR,0.4006737774978802
SC_Score,0.5392975197935094
BVC_Score,923.472780803074
BER_Score,0.7173127705397507
Final_Score,308.2431303644691
