Metric,Value
Moran Index,0.956589313611237
Geary C,0.0431903165934306
Davies-Bouldin Index,1.5625402257135028
Silhouette Coefficient,0.1440300941467285
Calinski-Harabaz Index,19771.4828844167
kBET,0.9235393955391318
KNN_connectivity,0.0283195717828284
bASW,0.5049397759139538
iLISI,0.7848710614949775
PCR,0.8492799750561116
SC_Score,0.956589313611237
BVC_Score,6591.063151578853
BER_Score,0.6181899559574007
Final_Score,2197.5459769494737
