Metric,Value
Moran Index,0.6035990421636244
Geary C,0.3851119095299841
Davies-Bouldin Index,1.942450685691288
Silhouette Coefficient,0.1192260906100273
Calinski-Harabaz Index,1467.0113662394042
kBET,0.8768215892053975
KNN_connectivity,0.969705512938253
bASW,0.498851667623967
iLISI,0.8405113054332561
PCR,0.4006737774978802
SC_Score,0.6035990421636244
BVC_Score,489.6910143385685
BER_Score,0.7173127705397507
Final_Score,163.67064205042396
