Metric,Value
Moran Index,0.6630065540271295
Geary C,0.3407690009078772
Davies-Bouldin Index,2.1860975250268657
Silhouette Coefficient,0.1079897806048393
Calinski-Harabaz Index,1481.568047486161
kBET,0.6395332136445243
KNN_connectivity,0.7549697747682723
bASW,0.5007732462254353
iLISI,0.4907115295553884
PCR,0.4700406591742018
SC_Score,0.6630065540271295
BVC_Score,494.6207115972642
BER_Score,0.5712056846735645
Final_Score,165.28497461198828
