Metric,Value
Moran Index,0.9452929975812672
Geary C,0.0548944372418308
ARI,0.0605016865608801
NMI,0.1215616977682361
asw_celltype,0.471993101760745
graph_clisi,0.9038522609786808
kBET,0.5392767719088233
KNN_connectivity,0.9923645186670336
bASW,0.4587400518357754
iLISI,0.4552482165301346
PCR,0.2277421465133414
SC_Score,0.9452929975812672
BVC_Score,0.3894771867671355
BER_Score,0.5346743410910217
Final_Score,0.6231481751464748
