Metric,Value
Moran Index,0.670208859748674
Geary C,0.3316090974940969
ARI,0.0870963886550778
NMI,0.1658587014111459
asw_celltype,0.4295497611165046
graph_clisi,0.7840005614299855
kBET,0.897790442788251
KNN_connectivity,0.969758704701696
bASW,0.4998127537255641
iLISI,0.8621774207946422
PCR,0.4571094549174339
SC_Score,0.670208859748674
BVC_Score,0.3666263531531785
BER_Score,0.7373297553855174
Final_Score,0.5913883227624567
