Metric,Value
Moran Index,0.9625818711386877
Geary C,0.0371460372495391
Davies-Bouldin Index,1.9490950072929776
Silhouette Coefficient,0.0929290056228637
Calinski-Harabaz Index,13865.662721713456
kBET,0.9235393955391318
KNN_connectivity,0.0283195717828284
bASW,0.5049397759139538
iLISI,0.7848710614949775
PCR,0.8492799750561116
SC_Score,0.9625818711386877
BVC_Score,4622.568248575457
BER_Score,0.6181899559574007
Final_Score,1541.3830068008508
