Metric,Value
Moran Index,0.872684154688298
Geary C,0.1260834554692351
Davies-Bouldin Index,1.7309345471305333
Silhouette Coefficient,0.1140260249376297
Calinski-Harabaz Index,1484.697772252958
kBET,0.6395332136445243
KNN_connectivity,0.7549697747682723
bASW,0.5007732462254353
iLISI,0.4907115295553884
PCR,0.4700406591742018
SC_Score,0.872684154688298
BVC_Score,495.5142442750087
BER_Score,0.5712056846735645
Final_Score,165.65271137145683
