Metric,Value
Moran Index,0.803854357016503
Geary C,0.1969121110091954
Davies-Bouldin Index,1.578004585618458
Silhouette Coefficient,0.1480553895235061
Calinski-Harabaz Index,1184.5102597530722
kBET,0.6395332136445243
KNN_connectivity,0.7549697747682723
bASW,0.5007732462254353
iLISI,0.4907115295553884
PCR,0.4700406591742018
SC_Score,0.803854357016503
BVC_Score,395.4121065760714
BER_Score,0.5712056846735645
Final_Score,132.26238887258714
