Metric,Value
Moran Index,0.5369939719931583
Geary C,0.4620341834989003
ARI,0.0815881688850583
NMI,0.1645147336637157
asw_celltype,0.4295497611165046
graph_clisi,0.7840005614299855
kBET,0.897790442788251
KNN_connectivity,0.969758704701696
bASW,0.4998127537255641
iLISI,0.8621774207946422
PCR,0.4571094549174339
SC_Score,0.5369939719931583
BVC_Score,0.364913306273816
BER_Score,0.7373297553855174
Final_Score,0.5464123445508305
