Metric,Value
Moran Index,0.8049093978231936
Geary C,0.1915956016194188
ARI,0.0227386910143986
NMI,0.0554419512809059
asw_celltype,0.3512884527444839
graph_clisi,0.5
kBET,0.8556083169429617
KNN_connectivity,0.3876495454054798
bASW,0.550555381923914
iLISI,0.6863470521181709
PCR,0.6501842799131223
SC_Score,0.8049093978231936
BVC_Score,0.2323672737599471
BER_Score,0.6260689152607297
Final_Score,0.5544485289479568
