Metric,Value
Moran Index,0.62233324500894
Geary C,0.3793318743941761
ARI,0.0735435452126655
NMI,0.1651216532718346
asw_celltype,0.4295497611165046
graph_clisi,0.7840005614299855
kBET,0.897790442788251
KNN_connectivity,0.969758704701696
bASW,0.4998127537255641
iLISI,0.8621774207946422
PCR,0.4571094549174339
SC_Score,0.62233324500894
BVC_Score,0.3630538802577475
BER_Score,0.7373297553855174
Final_Score,0.5742389602174016
