Metric,Value
Moran Index,0.9603070970671992
Geary C,0.0397705445968224
Davies-Bouldin Index,1.9383192888676493
Silhouette Coefficient,0.1069345697760582
Calinski-Harabaz Index,15156.050679770768
kBET,0.9235393955391318
KNN_connectivity,0.0283195717828284
bASW,0.5049397759139538
iLISI,0.7848710614949775
PCR,0.8492799750561116
SC_Score,0.9603070970671992
BVC_Score,5052.698644543137
BER_Score,0.6181899559574007
Final_Score,1684.7590471987203
