Metric,Value
Moran Index,0.7389062193149799
Geary C,0.2647680975069861
ARI,0.0057661959601959
NMI,0.0451921525078182
asw_celltype,0.3512884527444839
graph_clisi,0.5
kBET,0.8556083169429617
KNN_connectivity,0.3876495454054798
bASW,0.550555381923914
iLISI,0.6863470521181709
PCR,0.6501842799131223
SC_Score,0.7389062193149799
BVC_Score,0.2255617003031245
BER_Score,0.6260689152607297
Final_Score,0.5301789449596114
