Metric,Value
Moran Index,0.7568684934817134
Geary C,0.2427911344599657
ARI,0.0210225767679867
NMI,0.0528094175670732
asw_celltype,0.3512884527444839
graph_clisi,0.5
kBET,0.8556083169429617
KNN_connectivity,0.3876495454054798
bASW,0.550555381923914
iLISI,0.6863470521181709
PCR,0.6501842799131223
SC_Score,0.7568684934817134
BVC_Score,0.231280111769886
BER_Score,0.6260689152607297
Final_Score,0.538072506837443
