Metric,Value
Moran Index,0.8505347848505853
Geary C,0.1497444409016086
ARI,0.079912769636528
NMI,0.1466826548112093
asw_celltype,0.471993101760745
graph_clisi,0.9038522609786808
kBET,0.5392767719088233
KNN_connectivity,0.9923645186670336
bASW,0.4587400518357754
iLISI,0.4552482165301346
PCR,0.2277421465133414
SC_Score,0.8505347848505853
BVC_Score,0.4006101967967908
BER_Score,0.5346743410910217
Final_Score,0.5952731075794659
