Metric,Value
Moran Index,0.5810296046500196
Geary C,0.4206772602793887
ARI,0.0847400064253198
NMI,0.175862127835576
asw_celltype,0.4295497611165046
graph_clisi,0.7840005614299855
kBET,0.897790442788251
KNN_connectivity,0.969758704701696
bASW,0.4998127537255641
iLISI,0.8621774207946422
PCR,0.4571094549174339
SC_Score,0.5810296046500196
BVC_Score,0.3685381142018464
BER_Score,0.7373297553855174
Final_Score,0.5622991580791278
