Metric,Value
Moran Index,0.8906312500562951
Geary C,0.1107761757143799
ARI,0.0337023272975116
NMI,0.1129859084697989
asw_celltype,0.3708222359418869
graph_clisi,0.5
kBET,0.851296089385475
KNN_connectivity,0.3329693984896863
bASW,0.5373925268650055
iLISI,0.6776167929634902
PCR,0.6692748616335129
SC_Score,0.8906312500562951
BVC_Score,0.2543776179272994
BER_Score,0.6137099338674339
Final_Score,0.5862396006170095
