Metric,Value
Moran Index,0.6038463195660422
Geary C,0.39627137266329865
Davies-Bouldin Index,1.625252382400993
Silhouette Coefficient,0.17764391005039215
Calinski-Harabaz Index,1561.225844641915
SC_Score,0.6038463195660422
BVC_Score,521.0095803114555
Total_Score,260.80671331551076
