Metric,Value
Moran Index,0.7306285496378101
Geary C,0.2682227192621182
Davies-Bouldin Index,1.6388734644225227
Silhouette Coefficient,0.15633337199687958
Calinski-Harabaz Index,1182.0540259666166
SC_Score,0.7306285496378101
BVC_Score,394.6164109343453
Total_Score,197.67351974199156
