Metric,Value
Moran Index,0.6786767119221859
Geary C,0.3209299823908414
Davies-Bouldin Index,1.303297661255096
Silhouette Coefficient,0.2283664345741272
Calinski-Harabaz Index,2063.7517036443687
SC_Score,0.6786767119221859
BVC_Score,688.4277892467326
Total_Score,344.5532329793274
