Metric,Value
Moran Index,0.8060461488781384
Geary C,0.1913932403126615
Davies-Bouldin Index,1.335169839285238
Silhouette Coefficient,0.19893315434455872
Calinski-Harabaz Index,1508.9075435983355
SC_Score,0.8060461488781384
BVC_Score,503.4805488639884
Total_Score,252.14329750643327
