Metric,Value
Moran Index,0.7480273376878258
Geary C,0.25240388291245247
Davies-Bouldin Index,1.8140297189706989
Silhouette Coefficient,0.11203722655773163
Calinski-Harabaz Index,1205.2815018545712
SC_Score,0.7480273376878258
BVC_Score,402.4025229333665
Total_Score,201.57527513552716
