Metric,Value
Moran Index,0.5443162637462285
Geary C,0.4563284429779597
Davies-Bouldin Index,2.0275644530138086
Silhouette Coefficient,0.031133903190493584
Calinski-Harabaz Index,833.0174565133622
SC_Score,0.5443162637462285
BVC_Score,278.3587182898555
Total_Score,139.45151727680087
