Metric,Value
Moran Index,0.7463114595611721
Geary C,0.2552746019740825
Davies-Bouldin Index,1.5777820142018935
Silhouette Coefficient,0.14472705125808716
Calinski-Harabaz Index,1625.3941598806473
SC_Score,0.7463114595611721
BVC_Score,542.3722229820357
Total_Score,271.55926722079846
