Metric,Value
Moran Index,0.7573175426231763
Geary C,0.24137923168506134
Davies-Bouldin Index,1.3929203376588513
Silhouette Coefficient,0.19848816096782684
Calinski-Harabaz Index,1528.9330137288632
SC_Score,0.7573175426231763
BVC_Score,510.1748074091633
Total_Score,255.46606247589324
