Metric,Value
Moran Index,0.6973926961653438
Geary C,0.30243967759548435
Davies-Bouldin Index,1.63924615623002
Silhouette Coefficient,0.15731145441532135
Calinski-Harabaz Index,1232.0794404474195
SC_Score,0.6973926961653438
BVC_Score,411.29199935268826
Total_Score,205.99469602442682
