Metric,Value
Moran Index,0.6699178781147375
Geary C,0.32963370693562966
Davies-Bouldin Index,1.663743487898367
Silhouette Coefficient,0.15167133510112762
Calinski-Harabaz Index,1360.8532448657418
SC_Score,0.6699178781147375
BVC_Score,454.22288656291374
Total_Score,227.44640222051424
