Metric,Value
Moran Index,0.5465220870809094
Geary C,0.45260621503337384
Davies-Bouldin Index,1.5420309071699787
Silhouette Coefficient,0.1667792648077011
Calinski-Harabaz Index,1876.1355124527759
SC_Score,0.5465220870809094
BVC_Score,625.9481075415845
Total_Score,313.2473148143327
