Metric,Value
Moran Index,0.6422210090340191
Geary C,0.3561195727912034
Davies-Bouldin Index,1.3983182875023015
Silhouette Coefficient,0.19831475615501404
Calinski-Harabaz Index,1633.5603924301622
SC_Score,0.6422210090340191
BVC_Score,545.0523418246065
Total_Score,272.8472814168203
