Metric,Value
Moran Index,0.6940471975182692
Geary C,0.30691030542492276
Davies-Bouldin Index,1.8219273939128167
Silhouette Coefficient,0.14185020327568054
Calinski-Harabaz Index,1509.9036645433425
SC_Score,0.6940471975182692
BVC_Score,503.95581404684367
Total_Score,252.32493062218097
