Metric,Value
Moran Index,0.7012067297211474
Geary C,0.300641590694319
Davies-Bouldin Index,1.4918776596119017
Silhouette Coefficient,0.18725255131721497
Calinski-Harabaz Index,1822.1327862787655
SC_Score,0.7012067297211474
BVC_Score,607.9373054965648
Total_Score,304.31925611314296
