Metric,Value
Moran Index,0.6044139477142766
Geary C,0.3967454665204313
Davies-Bouldin Index,1.7378345372366661
Silhouette Coefficient,0.12507924437522888
Calinski-Harabaz Index,1345.2443700729093
SC_Score,0.6044139477142766
BVC_Score,449.0357612848404
Total_Score,224.82008761627733
