Metric,Value
Moran Index,0.6178513228568971
Geary C,0.3814252949436282
Davies-Bouldin Index,1.6939472686756485
Silhouette Coefficient,0.15182162821292877
Calinski-Harabaz Index,1154.2379560010204
SC_Score,0.6178513228568971
BVC_Score,385.36124163263634
Total_Score,192.98954647774661
