Metric,Value
Moran Index,0.40317106447019735
Geary C,0.5957140582748515
ARI,0.12324415545257611
NMI,0.24862586522149718
asw_celltype,0.43883565440773964
graph_clisi,0.5
kBET,0.6972935846850796
KNN_connectivity,0.9925573087228341
bASW,0.4994441067101434
iLISI,0.6721744914874862
PCR,0.3720590384334356
SC_Score,0.40317106447019735
BVC_Score,0.3276764187704532
BER_Score,0.6467057060077959
Final_Score,0.45918439641614883
Scenario,without_second
Dataset_Short,HLN
