Metric,Value
Moran Index,0.5642068473347903
Geary C,0.43782663251763654
ARI,0.09786228569764831
NMI,0.2228784841711853
asw_celltype,0.43883565440773964
graph_clisi,0.5
kBET,0.6972935846850796
KNN_connectivity,0.9925573087228341
bASW,0.4994441067101434
iLISI,0.6721744914874862
PCR,0.3720590384334356
SC_Score,0.5642068473347903
BVC_Score,0.3148941060691433
BER_Score,0.6467057060077959
Final_Score,0.5086022198039098
Scenario,without_second
Dataset_Short,HLN
