Metric,Value
Moran Index,0.4432482646771957
Geary C,0.5561345495384328
ARI,0.0940369375097082
NMI,0.2337758388028347
asw_celltype,0.4379141293466091
graph_clisi,0.5
kBET,0.7623410784743535
KNN_connectivity,0.985386989184428
bASW,0.4992455905303359
iLISI,0.7306363208960108
PCR,0.401870524623703
SC_Score,0.4432482646771957
BVC_Score,0.316431726414788
BER_Score,0.6758961007417662
Final_Score,0.4785253639445833
Scenario,without_rna
Dataset_Short,HLN
