Metric,Value
Moran Index,0.5725223327181298
Geary C,0.4265070779552363
ARI,0.12133441753888835
NMI,0.24919329657779565
asw_celltype,0.4379141293466091
graph_clisi,0.5
kBET,0.7623410784743535
KNN_connectivity,0.985386989184428
bASW,0.4992455905303359
iLISI,0.7306363208960108
PCR,0.401870524623703
SC_Score,0.5725223327181298
BVC_Score,0.3271104608658233
BER_Score,0.6758961007417662
Final_Score,0.5251762981085731
Scenario,without_rna
Dataset_Short,HLN
