Metric,Value
Moran Index,0.5644207207526696
Geary C,0.4375888546672012
ARI,0.1099707103007666
NMI,0.237898250740291
asw_celltype,0.43883565440773964
graph_clisi,0.5
kBET,0.6972935846850796
KNN_connectivity,0.9925573087228341
bASW,0.4994441067101434
iLISI,0.6721744914874862
PCR,0.3720590384334356
SC_Score,0.5644207207526696
BVC_Score,0.3216761538621993
BER_Score,0.6467057060077959
Final_Score,0.5109341935408883
Scenario,without_second
Dataset_Short,HLN
