Metric,Value
Moran Index,0.5334574563195463
Geary C,0.4611561858807343
ARI,0.10277537799312485
NMI,0.23186701896201256
asw_celltype,0.4379141293466091
graph_clisi,0.5
kBET,0.7623410784743535
KNN_connectivity,0.985386989184428
bASW,0.4992455905303359
iLISI,0.7306363208960108
PCR,0.401870524623703
SC_Score,0.5334574563195463
BVC_Score,0.3181391315754366
BER_Score,0.6758961007417662
Final_Score,0.509164229545583
Scenario,without_rna
Dataset_Short,HLN
