Metric,Value
Moran Index,0.632195474341925
Geary C,0.3656719006047595
Davies-Bouldin Index,1.4511460971675594
Silhouette Coefficient,0.22511810064315796
Calinski-Harabaz Index,1044.3788130077392
SC_Score,0.632195474341925
BVC_Score,348.6850257351833
Total_Score,174.6586106047626
