Metric,Value
Moran Index,0.5745338665333625
Geary C,0.4230466804595052
Davies-Bouldin Index,1.5371588175357895
Silhouette Coefficient,0.22685402631759644
Calinski-Harabaz Index,1646.0533260808331
SC_Score,0.5745338665333625
BVC_Score,549.2724463082288
Total_Score,274.9234900873811
