Metric,Value
Moran Index,0.586850535108792
Geary C,0.41644137080865395
Davies-Bouldin Index,1.4864385771497133
Silhouette Coefficient,0.22667616605758667
Calinski-Harabaz Index,1688.6878764833289
SC_Score,0.586850535108792
BVC_Score,563.466997075512
Total_Score,282.0269238053104
