Metric,Value
Moran Index,0.6060117455120521
Geary C,0.39474756876169276
Davies-Bouldin Index,1.5990637942838009
Silhouette Coefficient,0.22755323350429535
Calinski-Harabaz Index,1158.6663183321014
SC_Score,0.6060117455120521
BVC_Score,386.8309784532965
Total_Score,193.71849509940427
