Metric,Value
Moran Index,0.5978968866752012
Geary C,0.39941266626306304
Davies-Bouldin Index,1.6163173602667307
Silhouette Coefficient,0.2295563668012619
Calinski-Harabaz Index,1109.2130809076075
SC_Score,0.5978968866752012
BVC_Score,370.3529848782252
Total_Score,185.4754408824502
