Metric,Value
Moran Index,0.5763247506099634
Geary C,0.42155844979153057
Davies-Bouldin Index,1.342613396741073
Silhouette Coefficient,0.25480133295059204
Calinski-Harabaz Index,1086.9399125628468
SC_Score,0.5763247506099634
BVC_Score,362.8457757641795
Total_Score,181.71105025739473
