Metric,Value
Moran Index,0.739632118691608
Geary C,0.26048352705170935
Davies-Bouldin Index,1.548092977470658
Silhouette Coefficient,0.22496892511844635
Calinski-Harabaz Index,1638.7630338944325
SC_Score,0.739632118691608
BVC_Score,546.8453652656739
Total_Score,273.79249869218273
