Metric,Value
Moran Index,0.6496869615253655
Geary C,0.3505866246415323
Davies-Bouldin Index,1.8915570941799698
Silhouette Coefficient,0.21679756045341492
Calinski-Harabaz Index,1314.4959536945855
SC_Score,0.6496869615253655
BVC_Score,438.86810278307297
Total_Score,219.75889487229918
