Metric,Value
Moran Index,0.7047073209219391
Geary C,0.2991087422733425
Davies-Bouldin Index,1.5209487626507745
Silhouette Coefficient,0.23667840659618378
Calinski-Harabaz Index,6725.086155905512
SC_Score,0.7047073209219391
BVC_Score,2242.28126102492
Total_Score,1121.4929841729208
