Metric,Value
Moran Index,0.6636338632708951
Geary C,0.3368339655816557
Davies-Bouldin Index,3.007674984116227
Silhouette Coefficient,0.06595327705144882
Calinski-Harabaz Index,3086.0111304488296
SC_Score,0.6636338632708951
BVC_Score,1029.6949195699992
Total_Score,515.1792767166351
