Metric,Value
Moran Index,0.395867945426792
Geary C,0.6028164747100857
Davies-Bouldin Index,1.3577000181043748
Silhouette Coefficient,0.215836763381958
Calinski-Harabaz Index,7183.994470253403
SC_Score,0.395867945426792
BVC_Score,2395.189335678296
Total_Score,1197.7926018118615
