Metric,Value
Moran Index,0.6217278127224091
Geary C,0.38136207618169565
Davies-Bouldin Index,1.932672211170022
Silhouette Coefficient,0.1304439753293991
Calinski-Harabaz Index,3357.7815441628168
SC_Score,0.6217278127224091
BVC_Score,1119.9482201164387
Total_Score,560.2849739645806
