Metric,Value
Moran Index,0.6717163593853859
Geary C,0.3262198447670843
Davies-Bouldin Index,3.3708736584636645
Silhouette Coefficient,0.055578332394361496
Calinski-Harabaz Index,4144.515106743441
SC_Score,0.6717163593853859
BVC_Score,1382.6471862447663
Total_Score,691.6594513020758
