Metric,Value
Moran Index,0.3909956712920725
Geary C,0.6076595979753145
Davies-Bouldin Index,1.4878938224747764
Silhouette Coefficient,0.21182526648044586
Calinski-Harabaz Index,5090.336801552914
SC_Score,0.3909956712920725
BVC_Score,1697.3455068806231
Total_Score,848.8682512759576
