Metric,Value
Moran Index,0.6939112092304465
Geary C,0.3046761703288426
Davies-Bouldin Index,1.9364982684752796
Silhouette Coefficient,0.13167883455753326
Calinski-Harabaz Index,3293.795988295797
SC_Score,0.6939112092304465
BVC_Score,1098.6213884662766
Total_Score,549.6576498377535
