Metric,Value
Moran Index,0.6226751481506022
Geary C,0.37684799700788907
Davies-Bouldin Index,3.5275544563170254
Silhouette Coefficient,0.013411902822554111
Calinski-Harabaz Index,3748.797317979844
SC_Score,0.6226751481506022
BVC_Score,1250.7794281129945
Total_Score,625.7010516305726
