Metric,Value
Moran Index,0.43624171941429146
Geary C,0.5686092234153365
Davies-Bouldin Index,1.3973504177018854
Silhouette Coefficient,0.21350117027759552
Calinski-Harabaz Index,7252.824062283425
SC_Score,0.43624171941429146
BVC_Score,2418.144971290468
Total_Score,1209.2906065049413
