Metric,Value
Moran Index,0.8141475829874437
Geary C,0.1873725002648229
Davies-Bouldin Index,1.521914278149713
Silhouette Coefficient,0.1913444846868515
Calinski-Harabaz Index,6572.246881191295
SC_Score,0.8141475829874437
BVC_Score,2191.320046651377
Total_Score,1096.0670971171824
