Metric,Value
Moran Index,0.6695919599681845
Geary C,0.3307777124763955
Davies-Bouldin Index,2.703603287734939
Silhouette Coefficient,0.0387069433927536
Calinski-Harabaz Index,2296.5278534502527
SC_Score,0.6695919599681845
BVC_Score,766.4233878937935
Total_Score,383.54648992688084
