Metric,Value
Moran Index,0.5894598177517769
Geary C,0.4113224877482184
Davies-Bouldin Index,1.3873301026832778
Silhouette Coefficient,0.19913391768932343
Calinski-Harabaz Index,6843.484816989423
SC_Score,0.5894598177517769
BVC_Score,2281.690427003265
Total_Score,1141.1399434105085
