Metric,Value
Moran Index,0.5311127940903816
Geary C,0.4705521612718149
Davies-Bouldin Index,1.5611325522587776
Silhouette Coefficient,0.1962568461894989
Calinski-Harabaz Index,4908.22961443209
SC_Score,0.5311127940903816
BVC_Score,1636.6623346101794
Total_Score,818.5967237021349
