Metric,Value
Moran Index,0.435965566296015
Geary C,0.5677241962595124
Davies-Bouldin Index,1.5545999618425363
Silhouette Coefficient,0.18698501586914062
Calinski-Harabaz Index,4832.863090575822
SC_Score,0.435965566296015
BVC_Score,1611.534891851178
Total_Score,805.985428708737
