Metric,Value
Moran Index,0.718222680197063
Geary C,0.28195907487903116
Davies-Bouldin Index,1.547437849087767
Silhouette Coefficient,0.184239000082016
Calinski-Harabaz Index,6498.5188923549
SC_Score,0.718222680197063
BVC_Score,2166.75018973469
Total_Score,1083.7342062074435
