Metric,Value
Moran Index,0.5582138845626661
Geary C,0.44143352285023885
Davies-Bouldin Index,1.5449905259857561
Silhouette Coefficient,0.17103947699069977
Calinski-Harabaz Index,4161.97084244487
SC_Score,0.5582138845626661
BVC_Score,1387.8956241492822
Total_Score,694.2269190169225
