Metric,Value
Moran Index,0.7971368886625524
Geary C,0.20149036798084952
Davies-Bouldin Index,2.4447306544833403
Silhouette Coefficient,0.07723861187696457
Calinski-Harabaz Index,7119.827501762435
SC_Score,0.7971368886625524
BVC_Score,2374.1164903429317
Total_Score,1187.456813615797
