Metric,Value
Moran Index,0.7823430361872916
Geary C,0.21679022880584897
Davies-Bouldin Index,1.6109244678973225
Silhouette Coefficient,0.1526855230331421
Calinski-Harabaz Index,5711.5471749425005
SC_Score,0.7823430361872916
BVC_Score,1904.4369283111437
Total_Score,952.6096356736655
