Metric,Value
Moran Index,0.5408046456423556
Geary C,0.4594076237092078
Davies-Bouldin Index,1.7205980859763934
Silhouette Coefficient,0.11408525705337524
Calinski-Harabaz Index,5778.481558626918
SC_Score,0.5408046456423556
BVC_Score,1926.7720806566492
Total_Score,963.6564426511458
