Metric,Value
Moran Index,0.5804458851164265
Geary C,0.4192736979686592
Davies-Bouldin Index,1.44718753560554
Silhouette Coefficient,0.19616641104221344
Calinski-Harabaz Index,6010.594111763248
SC_Score,0.5804458851164265
BVC_Score,2004.079155236632
Total_Score,1002.3298005608742
