Metric,Value
Moran Index,0.7264914768429
Geary C,0.27486329843118273
Davies-Bouldin Index,1.5618228016179099
Silhouette Coefficient,0.1758408546447754
Calinski-Harabaz Index,5325.035113290843
SC_Score,0.7264914768429
BVC_Score,1775.5909256490352
Total_Score,888.1587085629391
