Metric,Value
Moran Index,0.5580337473673203
Geary C,0.4411855327522048
Davies-Bouldin Index,1.4556327884187825
Silhouette Coefficient,0.20296479761600494
Calinski-Harabaz Index,11666.61782538722
SC_Score,0.5580337473673203
BVC_Score,3889.4254743244182
Total_Score,1944.9917540358929
