Metric,Value
Moran Index,0.5882734255070126
Geary C,0.41263469375912293
Davies-Bouldin Index,1.5698638795952373
Silhouette Coefficient,0.15601594746112823
Calinski-Harabaz Index,6534.494607218518
SC_Score,0.5882734255070126
BVC_Score,2178.740162348525
Total_Score,1089.6642178870159
