Metric,Value
Moran Index,0.7712651044643396
Geary C,0.22810206772894248
Davies-Bouldin Index,1.6481511500869104
Silhouette Coefficient,0.1574578732252121
Calinski-Harabaz Index,10110.401666857282
SC_Score,0.7712651044643396
BVC_Score,3370.7357586268645
Total_Score,1685.7535118656644
