Metric,Value
Moran Index,0.8145644387451056
Geary C,0.18411285005956826
Davies-Bouldin Index,2.711025837146044
Silhouette Coefficient,0.039007339626550674
Calinski-Harabaz Index,4030.4429660178803
SC_Score,0.8145644387451056
BVC_Score,1344.3976663982176
Total_Score,672.6061154184813
