Metric,Value
Moran Index,0.6495631156171222
Geary C,0.34998825784036053
Davies-Bouldin Index,1.563323366873529
Silhouette Coefficient,0.1505006104707718
Calinski-Harabaz Index,5773.555186091237
SC_Score,0.6495631156171222
BVC_Score,1925.0896700228604
Total_Score,962.8696165692388
