Metric,Value
Moran Index,0.5890757085403358
Geary C,0.410045338539806
Davies-Bouldin Index,1.4072144837973797
Silhouette Coefficient,0.19900085031986237
Calinski-Harabaz Index,7038.659366524959
SC_Score,0.5890757085403358
BVC_Score,2346.7551939530254
Total_Score,1173.6721348307829
