Metric,Value
Moran Index,0.8370635879113238
Geary C,0.16296275304185756
Davies-Bouldin Index,2.1456568037210704
Silhouette Coefficient,0.08442825824022293
Calinski-Harabaz Index,4621.121298845359
SC_Score,0.8370635879113238
BVC_Score,1541.1171279691068
Total_Score,770.9770957785091
