Metric,Value
Moran Index,0.7236460833160311
Geary C,0.2747266176484172
Davies-Bouldin Index,1.5440153158544567
Silhouette Coefficient,0.17129738628864288
Calinski-Harabaz Index,5329.920307878752
SC_Score,0.7236460833160311
BVC_Score,1777.211873526965
Total_Score,888.9677598051405
