Metric,Value
Moran Index,0.7616511633274958
Geary C,0.23784079991031878
Davies-Bouldin Index,1.6450851086751035
Silhouette Coefficient,0.16968882083892822
Calinski-Harabaz Index,10360.83415536075
SC_Score,0.7616511633274958
BVC_Score,3454.2163097634216
Total_Score,1727.4889804633744
