Metric,Value
Moran Index,0.6517711462338142
Geary C,0.34991511668602926
Davies-Bouldin Index,1.7171526724939266
Silhouette Coefficient,0.1350189745426178
Calinski-Harabaz Index,6004.358648614685
SC_Score,0.6517711462338142
BVC_Score,2002.070273420574
Total_Score,1001.3610222834039
