Metric,Value
Moran Index,0.6693594126872889
Geary C,0.32925298498723005
Davies-Bouldin Index,2.48271511693162
Silhouette Coefficient,0.07300298660993576
Calinski-Harabaz Index,3981.540670960045
SC_Score,0.6693594126872889
BVC_Score,1328.0321296878622
Total_Score,664.3507445502747
