Metric,Value
Moran Index,0.5723173774502602
Geary C,0.4270200688406482
Davies-Bouldin Index,2.47166590901942
Silhouette Coefficient,0.1329704672098159
Calinski-Harabaz Index,839.043922873294
kBET,0.8483358320839582
KNN_connectivity,0.978387287738822
bASW,0.4934696457348764
iLISI,0.8109367262070323
PCR,0.3318966452970781
SC_Score,0.5723173774502602
BVC_Score,280.54951974984107
BER_Score,0.6926052274123534
Final_Score,93.93814745156789
