Metric,Value
Moran Index,0.4639030052860705
Geary C,0.5368309105460458
Davies-Bouldin Index,1.6818861730839512
Silhouette Coefficient,0.1639458090066909
Calinski-Harabaz Index,1273.6296285704389
kBET,0.8483358320839582
KNN_connectivity,0.978387287738822
bASW,0.4934696457348764
iLISI,0.8109367262070323
PCR,0.3318966452970781
SC_Score,0.4639030052860705
BVC_Score,425.1584868508432
BER_Score,0.6926052274123534
Final_Score,142.10499836118052
