Metric,Value
Moran Index,0.5388891353260297
Geary C,0.4574735349100046
Davies-Bouldin Index,1.562439500696139
Silhouette Coefficient,0.1869248300790786
Calinski-Harabaz Index,1386.4706351632483
kBET,0.8483358320839582
KNN_connectivity,0.978387287738822
bASW,0.4934696457348764
iLISI,0.8109367262070323
PCR,0.3318966452970781
SC_Score,0.5388891353260297
BVC_Score,462.7399998313412
BER_Score,0.6926052274123534
Final_Score,154.65716473135987
