Metric,Value
Moran Index,0.3043629504439087
Geary C,0.7043115791831792
Davies-Bouldin Index,1.3217960995879623
Silhouette Coefficient,0.1677438914775848
Calinski-Harabaz Index,29923.49198386281
kBET,0.5520340504157317
KNN_connectivity,0.8918090883648153
bASW,0.529174679890275
iLISI,0.4234470887433801
PCR,0.7275165817221558
SC_Score,0.3043629504439087
BVC_Score,9974.993841284624
BER_Score,0.6247962978272716
Final_Score,3325.3076668442986
