Metric,Value
Moran Index,0.2579972585864473
Geary C,0.7447122794687361
Davies-Bouldin Index,0.9961145562197946
Silhouette Coefficient,0.2374655604362487
Calinski-Harabaz Index,96879.3636392502
kBET,0.5520340504157317
KNN_connectivity,0.8918090883648153
bASW,0.529174679890275
iLISI,0.4234470887433801
PCR,0.7275165817221558
SC_Score,0.2579972585864473
BVC_Score,32293.53240645562
BER_Score,0.6247962978272716
Final_Score,10764.805066670679
