Metric,Value
Moran Index,0.659734117492204
Geary C,0.3394633121256939
ARI,0.08738469125018
NMI,0.1839223927750456
asw_celltype,0.4848213763907552
graph_clisi,0.8973898276848594
kBET,0.6989121651952716
KNN_connectivity,0.6619281037997887
bASW,0.4915151642635464
iLISI,0.4945969720661431
PCR,0.5002990541091479
SC_Score,0.659734117492204
BVC_Score,0.41337957202521
BER_Score,0.5694502918867795
Final_Score,0.5475213271347311
