Metric,Value
Moran Index,0.1320562768282158
Geary C,0.8651623258602508
Davies-Bouldin Index,0.7755353206577462
Silhouette Coefficient,0.360625147819519
Calinski-Harabaz Index,102167.05101592424
kBET,0.6277827648114902
KNN_connectivity,0.7516856546414786
bASW,0.39407988637685776
iLISI,0.4684857908106138
PCR,0.4755387851892575
SC_Score,0.1320562768282158
BVC_Score,34056.06239213091
BER_Score,0.5435145763659396
Final_Score,11352.24598766137
