Metric,Value
Moran Index,0.7777648184370796
Geary C,0.2220394710035647
ARI,0.0726759847004318
NMI,0.1428893574353494
asw_celltype,0.4848213763907552
graph_clisi,0.8973898276848594
kBET,0.6989121651952716
KNN_connectivity,0.6619281037997887
bASW,0.4915151642635464
iLISI,0.4945969720661431
PCR,0.5002990541091479
SC_Score,0.7777648184370796
BVC_Score,0.3994441365528489
BER_Score,0.5694502918867795
Final_Score,0.5822197489589027
