Metric,Value
Moran Index,0.3183439205325863
Geary C,0.705912077738195
ARI,0.3035162500929415
NMI,0.4897756963906284
asw_celltype,0.4743915926665067
graph_clisi,0.5
kBET,0.4760073054228716
KNN_connectivity,0.8631258247461888
bASW,0.42684993892908096
iLISI,0.3484425384413814
PCR,0.2797563084987162
SC_Score,0.3183439205325863
BVC_Score,0.4419208847875192
BER_Score,0.47883638320764776
Final_Score,0.41303372950925105
