Metric,Value
Moran Index,0.0234139919413898
Geary C,0.9748583303359072
Davies-Bouldin Index,0.5967410603191797
Silhouette Coefficient,0.7619230151176453
Calinski-Harabaz Index,629881.401864307
kBET,0.6277827648114902
KNN_connectivity,0.7516856546414786
bASW,0.39407988637685776
iLISI,0.4684857908106138
PCR,0.4755387851892575
SC_Score,0.0234139919413898
BVC_Score,209960.9201761275
BER_Score,0.5435145763659396
Final_Score,69987.16236823193
