Metric,Value
Moran Index,0.2668452745027602
Geary C,0.7406512853158026
Davies-Bouldin Index,4.758922837842989
Silhouette Coefficient,-0.2673182785511017
Calinski-Harabaz Index,5945.710666522395
kBET,0.5520340504157317
KNN_connectivity,0.8918090883648153
bASW,0.529174679890275
iLISI,0.4234470887433801
PCR,0.7275165817221558
SC_Score,0.2668452745027602
BVC_Score,1983.4007570272288
BER_Score,0.6247962978272716
Final_Score,661.4307995331862
