Metric,Value
Moran Index,0.2659146741251025
Geary C,0.7454096588727069
ARI,0.2486178540430421
NMI,0.4167730767435556
asw_celltype,0.4743915926665067
graph_clisi,0.5
kBET,0.4760073054228716
KNN_connectivity,0.8631258247461888
bASW,0.42684993892908096
iLISI,0.3484425384413814
PCR,0.2797563084987162
SC_Score,0.2659146741251025
BVC_Score,0.4099456308632761
BER_Score,0.47883638320764776
Final_Score,0.3848988960653421
