Metric,Value
Moran Index,0.2513825647536823
Geary C,0.7367694715611118
ARI,0.2424917466369699
NMI,0.4016238574891543
asw_celltype,0.431197315454483
graph_clisi,0.5
kBET,0.490413407821229
KNN_connectivity,0.8472067039106146
bASW,0.4539286941289902
iLISI,0.3547336782507665
PCR,0.3427769492312661
SC_Score,0.2513825647536823
BVC_Score,0.3938282298951518
BER_Score,0.49781188666857334
Final_Score,0.38100756043913586
