Metric,Value
Moran Index,0.3145579440004369
Geary C,0.6708963666599311
ARI,0.3143118513254708
NMI,0.4953032745972689
asw_celltype,0.4743915926665067
graph_clisi,0.5
kBET,0.4760073054228716
KNN_connectivity,0.8631258247461888
bASW,0.42684993892908096
iLISI,0.3484425384413814
PCR,0.2797563084987162
SC_Score,0.3145579440004369
BVC_Score,0.4460016796473116
BER_Score,0.47883638320764776
Final_Score,0.41313200228513214
