Metric,Value
Moran Index,0.0301381889730009
Geary C,0.9732758811443896
Davies-Bouldin Index,0.9181938823459712
Silhouette Coefficient,0.5027683973312378
Calinski-Harabaz Index,75524.57608521702
kBET,0.6277827648114902
KNN_connectivity,0.7516856546414786
bASW,0.39407988637685776
iLISI,0.4684857908106138
PCR,0.4755387851892575
SC_Score,0.0301381889730009
BVC_Score,25175.332349165565
BER_Score,0.5435145763659396
Final_Score,8391.9686673103
