Metric,Value
Moran Index,0.301529945569957
Geary C,0.7179102812947639
ARI,0.3121154623224411
NMI,0.4807991023183912
asw_celltype,0.4743915926665067
graph_clisi,0.5
kBET,0.4760073054228716
KNN_connectivity,0.8631258247461888
bASW,0.42684993892908096
iLISI,0.3484425384413814
PCR,0.2797563084987162
SC_Score,0.301529945569957
BVC_Score,0.4418265393268348
BER_Score,0.47883638320764776
Final_Score,0.4073976227014799
