Metric,Value
Moran Index,0.2536959547356867
Geary C,0.7489544487734445
Davies-Bouldin Index,1.265515117726308
Silhouette Coefficient,0.1793768554925918
Calinski-Harabaz Index,30823.86905896229
kBET,0.5520340504157317
KNN_connectivity,0.8918090883648153
bASW,0.529174679890275
iLISI,0.4234470887433801
PCR,0.7275165817221558
SC_Score,0.2536959547356867
BVC_Score,10275.104650311836
BER_Score,0.6247962978272716
Final_Score,3425.327714188133
