Metric,Value
Moran Index,0.3131035049811176
Geary C,0.6844060749961903
ARI,0.2305955316947514
NMI,0.3967587572306408
asw_celltype,0.431197315454483
graph_clisi,0.5
kBET,0.490413407821229
KNN_connectivity,0.8472067039106146
bASW,0.4539286941289902
iLISI,0.3547336782507665
PCR,0.3427769492312661
SC_Score,0.3131035049811176
BVC_Score,0.3896379010949688
BER_Score,0.49781188666857334
Final_Score,0.4001844309148866
