Metric,Value
Moran Index,0.2798312632707687
Geary C,0.7275900648033837
ARI,0.257348664140522
NMI,0.4228122356668975
asw_celltype,0.431197315454483
graph_clisi,0.5
kBET,0.490413407821229
KNN_connectivity,0.8472067039106146
bASW,0.4539286941289902
iLISI,0.3547336782507665
PCR,0.3427769492312661
SC_Score,0.2798312632707687
BVC_Score,0.4028395538154756
BER_Score,0.49781188666857334
Final_Score,0.3934942345849392
