Metric,Value
Moran Index,0.0021950451443626
Geary C,1.001666480836172
Davies-Bouldin Index,3.0988962309424672
Silhouette Coefficient,-0.0610111318528652
Calinski-Harabaz Index,61329.30822948032
kBET,0.6277827648114902
KNN_connectivity,0.7516856546414786
bASW,0.39407988637685776
iLISI,0.4684857908106138
PCR,0.4755387851892575
SC_Score,0.0021950451443626
BVC_Score,20444.11537152647
BER_Score,0.5435145763659396
Final_Score,6814.887027049327
