Metric,Value
Moran Index,0.30151298288919
Geary C,0.695783361501963
ARI,0.1386156954890225
NMI,0.2405132443771136
asw_celltype,0.4037531539797783
graph_clisi,0.8840307425054554
kBET,0.740900189975157
KNN_connectivity,0.9659632739501705
bASW,0.4623358249664306
iLISI,0.7072375707778137
PCR,0.2273856495689026
SC_Score,0.30151298288919
BVC_Score,0.4167282090878424
BER_Score,0.6207645018476948
Final_Score,0.4463352312749091
