Metric,Value
Moran Index,0.7756679200479552
Geary C,0.2200832901672763
ARI,0.0856949774863678
NMI,0.1712927354294239
asw_celltype,0.4848213763907552
graph_clisi,0.8973898276848594
kBET,0.6989121651952716
KNN_connectivity,0.6619281037997887
bASW,0.4915151642635464
iLISI,0.4945969720661431
PCR,0.5002990541091479
SC_Score,0.7756679200479552
BVC_Score,0.4097997292478516
BER_Score,0.5694502918867795
Final_Score,0.5849726470608622
