Metric,Value
Moran Index,0.5202592243321202
Geary C,0.4847349794962803
ARI,0.1372696091720568
NMI,0.2533679075707293
asw_celltype,0.4037531539797783
graph_clisi,0.8840307425054554
kBET,0.740900189975157
KNN_connectivity,0.9659632739501705
bASW,0.4623358249664306
iLISI,0.7072375707778137
PCR,0.2273856495689026
SC_Score,0.5202592243321202
BVC_Score,0.419605353307005
BER_Score,0.6207645018476948
Final_Score,0.5202096931622734
