Metric,Value
Moran Index,0.4508024559307347
Geary C,0.5526645886717948
Davies-Bouldin Index,1.727847630276218
Silhouette Coefficient,0.1574749648571014
Calinski-Harabaz Index,1236.4377541183192
kBET,0.8483358320839582
KNN_connectivity,0.978387287738822
bASW,0.4934696457348764
iLISI,0.8109367262070323
PCR,0.3318966452970781
SC_Score,0.4508024559307347
BVC_Score,412.7743589044842
BER_Score,0.6926052274123534
Final_Score,137.9725888626091
