Metric,Value
Moran Index,0.3634529492101281
Geary C,0.636301789988433
Davies-Bouldin Index,1.3511598779114626
Silhouette Coefficient,0.15044929087162018
Calinski-Harabaz Index,3102.717053847243
SC_Score,0.3634529492101281
BVC_Score,1034.7395543386754
Total_Score,517.5515036439427
