Metric,Value
Moran Index,0.416629770906393
Geary C,0.5825599247120904
Davies-Bouldin Index,1.3086944968754168
Silhouette Coefficient,0.19987015426158905
Calinski-Harabaz Index,3255.937880555213
SC_Score,0.416629770906393
BVC_Score,1085.81548173545
Total_Score,543.1160557531782
