Metric,Value
Moran Index,0.44825109288720794
Geary C,0.5526372072818267
Davies-Bouldin Index,1.0336061496663742
Silhouette Coefficient,0.2973327040672302
Calinski-Harabaz Index,4650.188189686702
SC_Score,0.44825109288720794
BVC_Score,1550.506376180145
Total_Score,775.4773136365161
