Metric,Value
Moran Index,0.3690521087749405
Geary C,0.6290431278541309
Davies-Bouldin Index,1.2117244546749437
Silhouette Coefficient,0.233009472489357
Calinski-Harabaz Index,3230.919165570614
SC_Score,0.3690521087749405
BVC_Score,1077.454633165926
Total_Score,538.9118426373504
