Metric,Value
Moran Index,0.2788359323473319
Geary C,0.7209697002195512
Davies-Bouldin Index,1.3901174991210539
Silhouette Coefficient,0.16285288333892822
Calinski-Harabaz Index,2770.4652399710376
SC_Score,0.2788359323473319
BVC_Score,924.0060701178326
Total_Score,462.14245302508994
