Metric,Value
Moran Index,0.3753904524820853
Geary C,0.6225743312495894
Davies-Bouldin Index,1.3388807114517312
Silhouette Coefficient,0.18822355568408966
Calinski-Harabaz Index,3158.312312136621
SC_Score,0.3753904524820853
BVC_Score,1053.279805467919
Total_Score,526.8275979602006
