Metric,Value
Moran Index,0.2682415212649711
Geary C,0.7318983712216722
Davies-Bouldin Index,1.114648073022484
Silhouette Coefficient,0.26590844988822937
Calinski-Harabaz Index,3967.924092277062
SC_Score,0.2682415212649711
BVC_Score,1323.101549599991
Total_Score,661.684895560628
