Metric,Value
Moran Index,0.30209094227627004
Geary C,0.6985537096577755
Davies-Bouldin Index,1.3491167828645694
Silhouette Coefficient,0.16076576709747314
Calinski-Harabaz Index,2785.8932203027666
SC_Score,0.30209094227627004
BVC_Score,929.1343676175762
Total_Score,464.7182292799263
