Metric,Value
Moran Index,0.3668467240589616
Geary C,0.633558752920084
Davies-Bouldin Index,2.435966228287689
Silhouette Coefficient,-0.10187825560569763
Calinski-Harabaz Index,1140.4236667314676
SC_Score,0.3668467240589616
BVC_Score,380.9192515680499
Total_Score,190.64304914605444
