Metric,Value
Moran Index,0.4336196633061581
Geary C,0.5656405212954129
Davies-Bouldin Index,2.867027502875464
Silhouette Coefficient,-0.1732257604598999
Calinski-Harabaz Index,738.343167472606
SC_Score,0.4336196633061581
BVC_Score,247.01232307167382
Total_Score,123.72297136748999
