Metric,Value
Moran Index,0.4888151781723746
Geary C,0.5113883676678769
Davies-Bouldin Index,1.7699754761727897
Silhouette Coefficient,0.13068054616451263
Calinski-Harabaz Index,2151.1804361632358
SC_Score,0.4888151781723746
BVC_Score,717.6936973951911
Total_Score,359.0912562866817
