Metric,Value
Moran Index,0.5630229550992307
Geary C,0.43889031898586606
Davies-Bouldin Index,1.1654331721528601
Silhouette Coefficient,0.2520170509815216
Calinski-Harabaz Index,4073.046350482607
SC_Score,0.5630229550992307
BVC_Score,1358.1546002352472
Total_Score,679.3588115951733
