Metric,Value
Moran Index,0.504941293499184
Geary C,0.4970060693792354
Davies-Bouldin Index,1.1636962439704717
Silhouette Coefficient,0.2701069414615631
Calinski-Harabaz Index,3999.692469507209
SC_Score,0.504941293499184
BVC_Score,1333.7087575642138
Total_Score,667.1068494288564
