Metric,Value
Moran Index,0.30646978186168655
Geary C,0.6928681187776579
Davies-Bouldin Index,1.1956270988063298
Silhouette Coefficient,0.2583827078342438
Calinski-Harabaz Index,3943.206310446698
SC_Score,0.30646978186168655
BVC_Score,1314.8867734177795
Total_Score,657.5966215998207
