Metric,Value
Moran Index,0.2444894224220191
Geary C,0.7560235076062548
Davies-Bouldin Index,1.2003639056892075
Silhouette Coefficient,0.23071694374084473
Calinski-Harabaz Index,3354.29927662368
SC_Score,0.2444894224220191
BVC_Score,1118.57678582437
Total_Score,559.410637623396
