Metric,Value
Moran Index,0.7192761146960951
Geary C,0.2806369145994013
Davies-Bouldin Index,3.5267210020178736
Silhouette Coefficient,0.03643057495355606
Calinski-Harabaz Index,192.08100283326743
SC_Score,0.7192761146960951
BVC_Score,65.21471813674628
Total_Score,32.96699712572119
