Metric,Value
Moran Index,0.5889999655398322
Geary C,0.4084976078890763
Davies-Bouldin Index,3.787701799220824
Silhouette Coefficient,0.05104328691959381
Calinski-Harabaz Index,190.8470127416917
SC_Score,0.5889999655398322
BVC_Score,64.89525260927738
Total_Score,32.7421262874086
