Metric,Value
Moran Index,0.2929031230283423
Geary C,0.7041526182096497
Davies-Bouldin Index,3.455471718024807
Silhouette Coefficient,-0.015930145978927612
Calinski-Harabaz Index,152.46156812369392
SC_Score,0.2929031230283423
BVC_Score,51.967036565246595
Total_Score,26.12996984413747
