Metric,Value
Moran Index,0.5881466942137796
Geary C,0.4105844925740607
Davies-Bouldin Index,3.7223598987947453
Silhouette Coefficient,0.0415993370115757
Calinski-Harabaz Index,183.758359697079
SC_Score,0.5881466942137796
BVC_Score,62.5074396442951
Total_Score,31.547793169254437
