Metric,Value
Moran Index,0.46124501492667985
Geary C,0.5399517651918153
Davies-Bouldin Index,3.8892573910696298
Silhouette Coefficient,0.05314081162214279
Calinski-Harabaz Index,185.88568183966447
SC_Score,0.46124501492667985
BVC_Score,63.276026680785414
Total_Score,31.868635847856048
