Metric,Value
Moran Index,0.570414100657825
Geary C,0.43008191690952763
Davies-Bouldin Index,3.803100167530295
Silhouette Coefficient,0.04259613901376724
Calinski-Harabaz Index,194.61029609346465
SC_Score,0.570414100657825
BVC_Score,66.15199746666957
Total_Score,33.3612057836637
