Metric,Value
Moran Index,0.5865600223159121
Geary C,0.4173119117141319
Davies-Bouldin Index,4.2208482388214685
Silhouette Coefficient,0.016143839806318283
Calinski-Harabaz Index,174.90888764133823
SC_Score,0.5865600223159121
BVC_Score,59.715293239988675
Total_Score,30.150926631152295
