Metric,Value
Moran Index,0.6081797870873793
Geary C,0.3929466531706386
Davies-Bouldin Index,3.6226155704043093
Silhouette Coefficient,0.04067623242735863
Calinski-Harabaz Index,192.85776171712206
SC_Score,0.6081797870873793
BVC_Score,65.50701783998458
Total_Score,33.05759881353598
