Metric,Value
Moran Index,0.6075772649649251
Geary C,0.3922065545519174
Davies-Bouldin Index,1.5447006762185158
Silhouette Coefficient,0.20759539306163788
Calinski-Harabaz Index,1350.7775920450465
SC_Score,0.6075772649649251
BVC_Score,450.8432960381089
Total_Score,225.7254366515369
