Metric,Value
Moran Index,0.649665360342998
Geary C,0.34984099381555983
Davies-Bouldin Index,1.3184764155173547
Silhouette Coefficient,0.23276609182357788
Calinski-Harabaz Index,1121.7964119184876
SC_Score,0.649665360342998
BVC_Score,374.4492181419428
Total_Score,187.54944175114292
