Metric,Value
Moran Index,0.6401044672492532
Geary C,0.36146228384771456
Davies-Bouldin Index,1.5008546641549971
Silhouette Coefficient,0.2062421590089798
Calinski-Harabaz Index,1314.437742142188
SC_Score,0.6401044672492532
BVC_Score,438.714946321784
Total_Score,219.67752539451664
