Metric,Value
Moran Index,0.7624957536132205
Geary C,0.23963839975443132
Davies-Bouldin Index,1.7971938669073804
Silhouette Coefficient,0.10057185590267181
Calinski-Harabaz Index,881.4515992509583
SC_Score,0.7624957536132205
BVC_Score,294.44978832458946
Total_Score,147.60614203910134
