Metric,Value
Moran Index,0.5768767908056811
Geary C,0.42677555539356576
Davies-Bouldin Index,1.4371862976299834
Silhouette Coefficient,0.23207226395606995
Calinski-Harabaz Index,1430.4586839409997
SC_Score,0.5768767908056811
BVC_Score,477.3759808341952
Total_Score,238.97642881250044
