Metric,Value
Moran Index,0.7242028033677878
Geary C,0.2812852895930317
Davies-Bouldin Index,1.1962752869701418
Silhouette Coefficient,0.2194025069475174
Calinski-Harabaz Index,1187.8431345024605
SC_Score,0.7242028033677878
BVC_Score,396.4196040987927
Total_Score,198.57190345108026
