Metric,Value
Moran Index,0.5312370131884391
Geary C,0.4717521205852357
Davies-Bouldin Index,1.531577514229236
Silhouette Coefficient,0.23012247681617737
Calinski-Harabaz Index,1370.185629771166
SC_Score,0.5312370131884391
BVC_Score,457.31577658740383
Total_Score,228.92350680029614
