Metric,Value
Moran Index,0.39686733468658203
Geary C,0.6023460474731335
Davies-Bouldin Index,1.6027293518325747
Silhouette Coefficient,0.17195451259613037
Calinski-Harabaz Index,1170.3901350584051
SC_Score,0.39686733468658203
BVC_Score,390.72160630761124
Total_Score,195.55923682114891
