Metric,Value
Moran Index,0.6500973249871326
Geary C,0.3516183056556169
Davies-Bouldin Index,1.2907783319553898
Silhouette Coefficient,0.22322238981723785
Calinski-Harabaz Index,1302.9430433608823
SC_Score,0.6500973249871326
BVC_Score,434.8190146942183
Total_Score,217.73455600960273
