Metric,Value
Moran Index,0.6447120174160454
Geary C,0.34942339783614795
Davies-Bouldin Index,1.6705916076935
Silhouette Coefficient,0.15912549197673798
Calinski-Harabaz Index,1199.198279725506
SC_Score,0.6447120174160454
BVC_Score,400.34266560839205
Total_Score,200.49368881290405
