Metric,Value
Moran Index,0.6421946816514083
Geary C,0.35470721151968004
Davies-Bouldin Index,1.3999929372410849
Silhouette Coefficient,0.23731622099876404
Calinski-Harabaz Index,1472.8418430899715
SC_Score,0.6421946816514083
BVC_Score,491.4930507494037
Total_Score,246.06762271552756
