Metric,Value
Moran Index,0.5321769320705368
Geary C,0.46649006668826504
Davies-Bouldin Index,1.7790882906942636
Silhouette Coefficient,0.12444649636745453
Calinski-Harabaz Index,998.5968522430813
SC_Score,0.5321769320705368
BVC_Score,333.5001290100477
Total_Score,167.0161529710591
