Metric,Value
Moran Index,0.6149964295636713
Geary C,0.3835170410726304
Davies-Bouldin Index,1.5555740728474916
Silhouette Coefficient,0.18662627041339874
Calinski-Harabaz Index,1239.892208182318
SC_Score,0.6149964295636713
BVC_Score,413.878136175193
Total_Score,207.24656630237834
