Metric,Value
Moran Index,0.4209160753019334
Geary C,0.5764540022406457
Davies-Bouldin Index,1.7027522843434615
Silhouette Coefficient,0.07937147468328476
Calinski-Harabaz Index,923.7418130230059
SC_Score,0.4209160753019334
BVC_Score,308.5079789273442
Total_Score,154.46444750132306
