Metric,Value
Moran Index,0.3236238969662058
Geary C,0.6789364912279682
Davies-Bouldin Index,4.79578872323332
Silhouette Coefficient,0.01724916510283947
Calinski-Harabaz Index,192.85768037219475
SC_Score,0.3236238969662058
BVC_Score,65.89023942017697
Total_Score,33.10693165857159
