Metric,Value
Moran Index,0.42637206763403573
Geary C,0.576594758666717
Davies-Bouldin Index,5.466485717272613
Silhouette Coefficient,-0.0016235732473433018
Calinski-Harabaz Index,162.5932414545557
SC_Score,0.42637206763403573
BVC_Score,56.019367866193654
Total_Score,28.222869966913844
