Metric,Value
Moran Index,0.20762418073025277
Geary C,0.7918120090969821
Davies-Bouldin Index,9.836198107725746
Silhouette Coefficient,-0.014149229042232037
Calinski-Harabaz Index,156.3042674321179
SC_Score,0.20762418073025277
BVC_Score,55.375438770267145
Total_Score,27.791531475498697
