Metric,Value
Moran Index,0.3104532368567161
Geary C,0.6874630491037365
Davies-Bouldin Index,5.2824011247036164
Silhouette Coefficient,0.01594020053744316
Calinski-Harabaz Index,280.52629696333247
SC_Score,0.3104532368567161
BVC_Score,95.2748794295245
Total_Score,47.79266633319061
