Metric,Value
Moran Index,0.5271889804365236
Geary C,0.46742861592837553
Davies-Bouldin Index,5.722125522883384
Silhouette Coefficient,0.019923612475395203
Calinski-Harabaz Index,268.3806008558412
SC_Score,0.5271889804365236
BVC_Score,91.37421666373332
Total_Score,45.95070282208492
