Metric,Value
Moran Index,0.25961843954370906
Geary C,0.7431998141007293
Davies-Bouldin Index,5.732235468266913
Silhouette Coefficient,0.011364851146936417
Calinski-Harabaz Index,181.6725151583285
SC_Score,0.25961843954370906
BVC_Score,62.472038492580786
Total_Score,31.365828466062247
