Metric,Value
Moran Index,0.44201885768589805
Geary C,0.5589940347625139
Davies-Bouldin Index,6.591204993007877
Silhouette Coefficient,-0.0059771183878183365
Calinski-Harabaz Index,242.35151020813964
SC_Score,0.44201885768589805
BVC_Score,82.97891269425322
Total_Score,41.71046577596956
