Metric,Value
Moran Index,0.542410193992493
Geary C,0.4526922888254099
Davies-Bouldin Index,5.063009366983417
Silhouette Coefficient,0.03049079142510891
Calinski-Harabaz Index,179.14324529476264
SC_Score,0.542410193992493
BVC_Score,61.41224848439038
Total_Score,30.97732933919144
