Metric,Value
Moran Index,0.3879056307224307
Geary C,0.6044869297523704
Davies-Bouldin Index,5.4675758771239416
Silhouette Coefficient,-0.012159265577793121
Calinski-Harabaz Index,174.06016535548036
SC_Score,0.3879056307224307
BVC_Score,59.83852732234217
Total_Score,30.1132164765323
