Metric,Value
Moran Index,0.42727469423769976
Geary C,0.5773199223403658
Davies-Bouldin Index,6.74910084820951
Silhouette Coefficient,0.0009942281758412719
Calinski-Harabaz Index,160.23267465996463
SC_Score,0.42727469423769976
BVC_Score,55.66092324544999
Total_Score,28.044098969843848
