Metric,Value
Moran Index,0.3143218490172083
Geary C,0.6846705838035233
Davies-Bouldin Index,6.296160855153607
Silhouette Coefficient,0.002367513021454215
Calinski-Harabaz Index,209.38103278301432
SC_Score,0.3143218490172083
BVC_Score,71.89318705039646
Total_Score,36.103754449706834
