Metric,Value
Moran Index,0.19177535409785995
Geary C,0.8005253097212524
Davies-Bouldin Index,7.907305111867917
Silhouette Coefficient,-0.010849321261048317
Calinski-Harabaz Index,158.69314367990484
SC_Score,0.19177535409785995
BVC_Score,55.52986649017057
Total_Score,27.860820922134213
