Metric,Value
Moran Index,0.2864180692808047
Geary C,0.710358444008478
Davies-Bouldin Index,2.7375723488612564
Silhouette Coefficient,0.0617597922682762
Calinski-Harabaz Index,1847.269064736768
kBET,0.576037217896265
KNN_connectivity,0.950712668779968
bASW,0.4983761891489848
iLISI,0.430634329859151
PCR,0.3846629925196677
SC_Score,0.2864180692808047
BVC_Score,616.6894656259657
BER_Score,0.5680846796408073
Final_Score,205.84798945829576
