Metric,Value
Moran Index,0.3799019046495909
Geary C,0.6169925576824963
ARI,0.1139851671115045
NMI,0.2236682221695701
asw_celltype,0.4655821844935417
graph_clisi,0.8542449286290359
kBET,0.7695192167178139
KNN_connectivity,0.975132780688583
bASW,0.4846900217235088
iLISI,0.7341845516407756
PCR,0.2349846558526961
SC_Score,0.3799019046495909
BVC_Score,0.414370125600913
BER_Score,0.6397022453246755
Final_Score,0.4779914251917265
