Metric,Value
Moran Index,0.2647843845075992
Geary C,0.7396601499662556
Davies-Bouldin Index,1.3809938791500764
Silhouette Coefficient,0.2248310148715973
Calinski-Harabaz Index,3128.536463902838
kBET,0.5976750448833036
KNN_connectivity,0.9393205264249485
bASW,0.474000383168459
iLISI,0.4413801123161932
PCR,0.3155860218133233
SC_Score,0.2647843845075992
BVC_Score,1043.3807629322866
BER_Score,0.5535924177212455
Final_Score,348.0663799115052
