Metric,Value
Moran Index,0.3443455429296941
Geary C,0.6543479593875541
ARI,0.0065485133248322
NMI,0.020167076240074
asw_celltype,0.479286927729845
graph_clisi,0.905388652251774
kBET,0.5935009834223097
KNN_connectivity,0.8789084289444768
bASW,0.4971854561008513
iLISI,0.4348808573888321
PCR,0.2111550047648184
SC_Score,0.3443455429296941
BVC_Score,0.3528477923866313
BER_Score,0.5231261461242577
Final_Score,0.4067731604801943
