Metric,Value
Moran Index,0.5004507002902417
Geary C,0.4956214855387227
ARI,0.0580836965091108
NMI,0.1137012091629078
asw_celltype,0.4876734660938382
graph_clisi,0.9238651590387454
kBET,0.5626256983240224
KNN_connectivity,0.9159814982935116
bASW,0.4870466515421868
iLISI,0.4156439992621392
PCR,0.1836596152227659
SC_Score,0.5004507002902417
BVC_Score,0.3958308827011506
BER_Score,0.5129914925289252
Final_Score,0.46975769184010585
