Metric,Value
Moran Index,0.4757255587910562
Geary C,0.5213071181012332
ARI,0.0161758182435764
NMI,0.045647276840334
asw_celltype,0.479286927729845
graph_clisi,0.905388652251774
kBET,0.5935009834223097
KNN_connectivity,0.8789084289444768
bASW,0.4971854561008513
iLISI,0.4348808573888321
PCR,0.2111550047648184
SC_Score,0.4757255587910562
BVC_Score,0.3616246687663823
BER_Score,0.5231261461242577
Final_Score,0.45349212456056537
