Metric,Value
Moran Index,0.3836737601416086
Geary C,0.610663862481516
ARI,0.0133524279625611
NMI,0.0327579714806138
asw_celltype,0.479286927729845
graph_clisi,0.905388652251774
kBET,0.5935009834223097
KNN_connectivity,0.8789084289444768
bASW,0.4971854561008513
iLISI,0.4348808573888321
PCR,0.2111550047648184
SC_Score,0.3836737601416086
BVC_Score,0.3576964948561985
BER_Score,0.5231261461242577
Final_Score,0.4214988003740216
