Metric,Value
Moran Index,0.6950880120076129
Geary C,0.3047775788087245
ARI,0.0849365462607936
NMI,0.1971128832878332
asw_celltype,0.4613673761487007
graph_clisi,0.9205518303843704
kBET,0.6728280712254976
KNN_connectivity,0.8041008372934891
bASW,0.4936145432293415
iLISI,0.4724450792899271
PCR,0.462813771735575
SC_Score,0.6950880120076129
BVC_Score,0.4159921590204245
BER_Score,0.5811604605547661
Final_Score,0.5640802105276012
