Metric,Value
Moran Index,0.4063500983119104
Geary C,0.5943215191583778
Davies-Bouldin Index,2.185987977330315
Silhouette Coefficient,0.12564218044281
Calinski-Harabaz Index,1050.2001080315256
kBET,0.7904947526236882
KNN_connectivity,0.985488358273459
bASW,0.490552325733006
iLISI,0.754384120157116
PCR,0.1885332419450941
SC_Score,0.4063500983119104
BVC_Score,350.8372460630996
BER_Score,0.6418905597464726
Final_Score,117.29516224038599
