Metric,Value
Moran Index,0.8084209040377581
Geary C,0.1909596356402101
ARI,0.0757905948284038
NMI,0.1424969138845244
asw_celltype,0.4613673761487007
graph_clisi,0.9205518303843704
kBET,0.6728280712254976
KNN_connectivity,0.8041008372934891
bASW,0.4936145432293415
iLISI,0.4724450792899271
PCR,0.462813771735575
SC_Score,0.8084209040377581
BVC_Score,0.4000516788114998
BER_Score,0.5811604605547661
Final_Score,0.5965443478013414
