Metric,Value
Moran Index,0.91608587563388
Geary C,0.0836106649367015
ARI,0.0810382358749529
NMI,0.1459162187992649
asw_celltype,0.4613673761487007
graph_clisi,0.9205518303843704
kBET,0.6728280712254976
KNN_connectivity,0.8041008372934891
bASW,0.4936145432293415
iLISI,0.4724450792899271
PCR,0.462813771735575
SC_Score,0.91608587563388
BVC_Score,0.4022184153018222
BER_Score,0.5811604605547661
Final_Score,0.6331549171634894
