Metric,Value
Moran Index,0.8270987357712075
Geary C,0.1730977757474039
ARI,0.0962199372547955
NMI,0.1779491301044095
asw_celltype,0.4613673761487007
graph_clisi,0.9205518303843704
kBET,0.6728280712254976
KNN_connectivity,0.8041008372934891
bASW,0.4936145432293415
iLISI,0.4724450792899271
PCR,0.462813771735575
SC_Score,0.8270987357712075
BVC_Score,0.414022068473069
BER_Score,0.5811604605547661
Final_Score,0.6074270882663475
