Metric,Value
Moran Index,0.4453416469224728
Geary C,0.5529544476818213
Davies-Bouldin Index,2.8816317687218747
Silhouette Coefficient,-0.0209643170237541
Calinski-Harabaz Index,637.2018129116581
kBET,0.7904947526236882
KNN_connectivity,0.985488358273459
bASW,0.490552325733006
iLISI,0.754384120157116
PCR,0.1885332419450941
SC_Score,0.4453416469224728
BVC_Score,213.35416012111872
BER_Score,0.6418905597464726
Final_Score,71.48046410926257
