Metric,Value
Moran Index,0.3252582203524913
Geary C,0.6807222596697968
Davies-Bouldin Index,3.3914602237403177
Silhouette Coefficient,-0.0641646385192871
Calinski-Harabaz Index,758.7836605520258
kBET,0.576037217896265
KNN_connectivity,0.950712668779968
bASW,0.4983761891489848
iLISI,0.430634329859151
PCR,0.3846629925196677
SC_Score,0.3252582203524913
BVC_Score,254.03698537908227
BER_Score,0.5680846796408073
Final_Score,84.97677609302518
