Metric,Value
Moran Index,0.3618862916499453
Geary C,0.6426043167768878
ARI,0.123023279910008
NMI,0.2314608116013299
asw_celltype,0.4655821844935417
graph_clisi,0.8542449286290359
kBET,0.7695192167178139
KNN_connectivity,0.975132780688583
bASW,0.4846900217235088
iLISI,0.7341845516407756
PCR,0.2349846558526961
SC_Score,0.3618862916499453
BVC_Score,0.4185778011584788
BER_Score,0.6397022453246755
Final_Score,0.47338877937769985
