Metric,Value
Moran Index,0.3336778629126204
Geary C,0.6787831259442978
Davies-Bouldin Index,2.421180891848327
Silhouette Coefficient,0.077893279492855
Calinski-Harabaz Index,1588.336043843556
kBET,0.576037217896265
KNN_connectivity,0.950712668779968
bASW,0.4983761891489848
iLISI,0.430634329859151
PCR,0.3846629925196677
SC_Score,0.3336778629126204
BVC_Score,530.2783726716324
BER_Score,0.5680846796408073
Final_Score,177.06004507139528
