Metric,Value
Moran Index,0.3649809878638952
Geary C,0.6509754475589133
Davies-Bouldin Index,2.5098922320711923
Silhouette Coefficient,0.066417172551155
Calinski-Harabaz Index,1657.86787948111
kBET,0.576037217896265
KNN_connectivity,0.950712668779968
bASW,0.4983761891489848
iLISI,0.430634329859151
PCR,0.3846629925196677
SC_Score,0.3649809878638952
BVC_Score,553.481396295244
BER_Score,0.5680846796408073
Final_Score,184.8048206542496
