Metric,Value
Moran Index,0.515846104488191
Geary C,0.4830810999996684
Davies-Bouldin Index,2.776680146923967
Silhouette Coefficient,0.0920111611485481
Calinski-Harabaz Index,984.8402360871282
kBET,0.7904947526236882
KNN_connectivity,0.985488358273459
bASW,0.490552325733006
iLISI,0.754384120157116
PCR,0.1885332419450941
SC_Score,0.515846104488191
BVC_Score,329.23630913173355
BER_Score,0.6418905597464726
Final_Score,110.13134859865607
