Metric,Value
Moran Index,0.5892206829485267
Geary C,0.4092521599235935
ARI,0.1356831884373098
NMI,0.2332334211130517
asw_celltype,0.4655821844935417
graph_clisi,0.8542449286290359
kBET,0.7695192167178139
KNN_connectivity,0.975132780688583
bASW,0.4846900217235088
iLISI,0.7341845516407756
PCR,0.2349846558526961
SC_Score,0.5892206829485267
BVC_Score,0.4221859306682348
BER_Score,0.6397022453246755
Final_Score,0.5503696196471456
