Metric,Value
Moran Index,0.3981961823186135
Geary C,0.604910583002631
ARI,0.0147807590576649
NMI,0.0310966371407607
asw_celltype,0.479286927729845
graph_clisi,0.905388652251774
kBET,0.5935009834223097
KNN_connectivity,0.8789084289444768
bASW,0.4971854561008513
iLISI,0.4348808573888321
PCR,0.2111550047648184
SC_Score,0.3981961823186135
BVC_Score,0.3576382440450111
BER_Score,0.5231261461242577
Final_Score,0.426320190829294
