Metric,Value
Moran Index,0.2570085217502254
Geary C,0.7418396855656902
Davies-Bouldin Index,1.5956911053969756
Silhouette Coefficient,0.2123277485370636
Calinski-Harabaz Index,4485.158315791249
kBET,0.5976750448833036
KNN_connectivity,0.9393205264249485
bASW,0.474000383168459
iLISI,0.4413801123161932
PCR,0.3155860218133233
SC_Score,0.2570085217502254
BVC_Score,1495.6554448817278
BER_Score,0.5535924177212455
Final_Score,498.82201527373314
