Metric,Value
Moran Index,0.4899563340979665
Geary C,0.5104459655864912
ARI,0.0519395196813402
NMI,0.1098075504560738
asw_celltype,0.4876734660938382
graph_clisi,0.9238651590387454
kBET,0.5626256983240224
KNN_connectivity,0.9159814982935116
bASW,0.4870466515421868
iLISI,0.4156439992621392
PCR,0.1836596152227659
SC_Score,0.4899563340979665
BVC_Score,0.3933214238174994
BER_Score,0.5129914925289252
Final_Score,0.4654230834814637
