Metric,Value
Moran Index,0.190423658914863
Geary C,0.8169883493587912
Davies-Bouldin Index,1.498833322825815
Silhouette Coefficient,0.1998711377382278
Calinski-Harabaz Index,3460.449586797476
kBET,0.5976750448833036
KNN_connectivity,0.9393205264249485
bASW,0.474000383168459
iLISI,0.4413801123161932
PCR,0.3155860218133233
SC_Score,0.190423658914863
BVC_Score,1154.049430419347
BER_Score,0.5535924177212455
Final_Score,384.93114883199434
