Metric,Value
Moran Index,0.5446597940691505
Geary C,0.4541945551083504
Davies-Bouldin Index,2.805088336026089
Silhouette Coefficient,0.0924480408430099
Calinski-Harabaz Index,978.69337974391
kBET,0.7904947526236882
KNN_connectivity,0.985488358273459
bASW,0.490552325733006
iLISI,0.754384120157116
PCR,0.1885332419450941
SC_Score,0.5446597940691505
BVC_Score,327.19697204025965
BER_Score,0.6418905597464726
Final_Score,109.46117413135842
