Metric,Value
Moran Index,0.6532319539888842
Geary C,0.34216756367202483
Davies-Bouldin Index,1.2085571870833198
Silhouette Coefficient,0.1818370819091797
Calinski-Harabaz Index,2351.4722696652047
SC_Score,0.6532319539888842
BVC_Score,784.2875546447325
Total_Score,392.4703932993607
