Metric,Value
Moran Index,0.6572053106005759
Geary C,0.3415708750092426
Davies-Bouldin Index,1.1569346527773732
Silhouette Coefficient,0.3399268686771393
Calinski-Harabaz Index,3995.5531220731773
SC_Score,0.6572053106005759
BVC_Score,1332.3499945315439
Total_Score,666.5035999210722
