Metric,Value
Moran Index,0.4935922267835054
Geary C,0.5071411757492454
Davies-Bouldin Index,1.1543242922909578
Silhouette Coefficient,0.3307412266731262
Calinski-Harabaz Index,3538.429460987942
SC_Score,0.4935922267835054
BVC_Score,1179.9715088356354
Total_Score,590.2325505312094
