Metric,Value
Moran Index,0.6107869049502561
Geary C,0.3928658436150398
Davies-Bouldin Index,1.2800520928352381
Silhouette Coefficient,0.18457156419754028
Calinski-Harabaz Index,2675.9538414115227
SC_Score,0.6107869049502561
BVC_Score,892.4728216895186
Total_Score,446.5418042972344
