Metric,Value
Moran Index,0.7142986781679792
Geary C,0.2824239044560367
Davies-Bouldin Index,1.2386157028787097
Silhouette Coefficient,0.3103227913379669
Calinski-Harabaz Index,3211.0739080803273
SC_Score,0.7142986781679792
BVC_Score,1070.8742821915146
Total_Score,535.7942904348413
