Metric,Value
Moran Index,0.7324509943356583
Geary C,0.2669189200661579
Davies-Bouldin Index,1.2303209482343975
Silhouette Coefficient,0.30637192726135254
Calinski-Harabaz Index,3185.7466296076745
SC_Score,0.7324509943356583
BVC_Score,1062.4277741610567
Total_Score,531.5801125776962
