Metric,Value
Moran Index,0.5395011177799652
Geary C,0.46272356847859775
Davies-Bouldin Index,1.1697219940729224
Silhouette Coefficient,0.3166605234146118
Calinski-Harabaz Index,3319.007577808081
SC_Score,0.5395011177799652
BVC_Score,1106.8313201085227
Total_Score,553.6854106131514
