Metric,Value
Moran Index,0.5099760299741746
Geary C,0.4908521465530225
Davies-Bouldin Index,1.1098671854108333
Silhouette Coefficient,0.32213395833969116
Calinski-Harabaz Index,3407.249908994319
SC_Score,0.5099760299741746
BVC_Score,1136.2273033793565
Total_Score,568.3686397046654
