Metric,Value
Moran Index,0.325631570527691
Geary C,0.6669552394970031
Davies-Bouldin Index,2.805961263366604
Silhouette Coefficient,0.036434544016643276
Calinski-Harabaz Index,158.82132606811342
SC_Score,0.325631570527691
BVC_Score,53.88790729183222
Total_Score,27.106769431179956
