Metric,Value
Moran Index,0.45208930403963016
Geary C,0.5440002581471972
Davies-Bouldin Index,3.061114741497051
Silhouette Coefficient,0.03400730108684807
Calinski-Harabaz Index,148.5336873527325
SC_Score,0.45208930403963016
BVC_Score,50.54293646510547
Total_Score,25.49751288457255
