Metric,Value
Moran Index,0.43978403272631444
Geary C,0.5545217264133872
Davies-Bouldin Index,2.6521515780903915
Silhouette Coefficient,0.08496753659249749
Calinski-Harabaz Index,188.41862933073568
SC_Score,0.43978403272631444
BVC_Score,63.71858281513952
Total_Score,32.07918342393292
