Metric,Value
Moran Index,0.5808684212704881
Geary C,0.41593956691006434
Davies-Bouldin Index,3.9491390680904934
Silhouette Coefficient,0.021944665944963165
Calinski-Harabaz Index,126.86065427991237
SC_Score,0.5808684212704881
BVC_Score,43.61057933798261
Total_Score,22.095723879626547
