Metric,Value
Moran Index,0.3653958161384188
Geary C,0.6324061155524708
Davies-Bouldin Index,3.8523334722885307
Silhouette Coefficient,0.0011030613726594615
Calinski-Harabaz Index,112.00379231273418
SC_Score,0.3653958161384188
BVC_Score,38.61907628213179
Total_Score,19.492236049135105
