Metric,Value
Moran Index,0.48479830709536204
Geary C,0.5133570178528267
Davies-Bouldin Index,2.816816995886885
Silhouette Coefficient,0.04864352467895392
Calinski-Harabaz Index,168.37184184164278
SC_Score,0.48479830709536204
BVC_Score,57.07910078740287
Total_Score,28.781949547249116
