Metric,Value
Moran Index,0.2697772379682339
Geary C,0.7224885997543414
Davies-Bouldin Index,3.0218071402797726
Silhouette Coefficient,0.03270879229570704
Calinski-Harabaz Index,151.1716427181715
SC_Score,0.2697772379682339
BVC_Score,51.408719550248996
Total_Score,25.839248394108616
