Metric,Value
Moran Index,0.24033098947884418
Geary C,0.7587313230032637
Davies-Bouldin Index,2.7176376050446662
Silhouette Coefficient,0.03903011062121728
Calinski-Harabaz Index,163.57629039963254
SC_Score,0.24033098947884418
BVC_Score,55.44431937176614
Total_Score,27.842325180622492
