Metric,Value
Moran Index,0.3149283263577007
Geary C,0.6763735630113673
Davies-Bouldin Index,0.6013432359265972
Silhouette Coefficient,0.5192455649375916
Calinski-Harabaz Index,19641.566117951585
kBET,0.8823988005997002
KNN_connectivity,0.5215654430698864
bASW,0.4963377940002829
iLISI,0.8438795308228239
PCR,0.3988014356552817
SC_Score,0.3149283263577007
BVC_Score,6547.562235584149
BER_Score,0.628596600829595
Final_Score,2182.835253503779
