Metric,Value
Moran Index,0.5333528922277422
Geary C,0.4662999920863782
ARI,0.0447272075601611
NMI,0.1251423913195886
asw_celltype,0.3513177186250686
graph_clisi,0.8086038423328423
kBET,0.6544944885031672
KNN_connectivity,0.7014168075091655
bASW,0.5171612799167633
iLISI,0.5415886774646049
PCR,0.3572496861694946
SC_Score,0.5333528922277422
BVC_Score,0.3324477899594151
BER_Score,0.554382187912639
Final_Score,0.47339429003326544
