Metric,Value
Moran Index,0.243024561835909
Geary C,0.7567724186115207
Davies-Bouldin Index,0.6572979492370897
Silhouette Coefficient,0.4126458764076233
Calinski-Harabaz Index,16041.743559573348
kBET,0.8823988005997002
KNN_connectivity,0.5215654430698864
bASW,0.4963377940002829
iLISI,0.8438795308228239
PCR,0.3988014356552817
SC_Score,0.243024561835909
BVC_Score,5347.604501132998
BER_Score,0.628596600829595
Final_Score,1782.8253740985547
