Metric,Value
Moran Index,0.2072963328136529
Geary C,0.7944813525435612
ARI,0.1064421389781223
NMI,0.1953593937107945
asw_celltype,0.4029621481895447
graph_clisi,0.8394207233624463
kBET,0.7992605582346926
KNN_connectivity,0.8557209088184015
bASW,0.4572455771267414
iLISI,0.7625280780372715
PCR,0.2966535145404063
SC_Score,0.2072963328136529
BVC_Score,0.3860461010602269
BER_Score,0.6342817273515027
Final_Score,0.40920805374179414
