Metric,Value
Moran Index,0.0453621755309227
Geary C,0.9584053008121404
Davies-Bouldin Index,1.0083057080421858
Silhouette Coefficient,0.2788015311958741
Calinski-Harabaz Index,29498.374043079188
kBET,0.6321050269299822
KNN_connectivity,0.5829877401808536
bASW,0.41323156714290943
iLISI,0.4720364962817307
PCR,0.4323384007968102
SC_Score,0.0453621755309227
BVC_Score,9833.220383439477
BER_Score,0.5065398462664572
Final_Score,3277.924095153758
