Metric,Value
Moran Index,0.1935512072275569
Geary C,0.8052536257489249
ARI,0.1700117072410009
NMI,0.2664427274827017
asw_celltype,0.4029621481895447
graph_clisi,0.8394207233624463
kBET,0.7992605582346926
KNN_connectivity,0.8557209088184015
bASW,0.4572455771267414
iLISI,0.7625280780372715
PCR,0.2966535145404063
SC_Score,0.1935512072275569
BVC_Score,0.4197093265689234
BER_Score,0.6342817273515027
Final_Score,0.415847420382661
