Metric,Value
Moran Index,0.2043918021194491
Geary C,0.798540424395426
Davies-Bouldin Index,4.669296450668052
Silhouette Coefficient,0.1929991543292999
Calinski-Harabaz Index,5194.989360902553
kBET,0.8823988005997002
KNN_connectivity,0.5215654430698864
bASW,0.4963377940002829
iLISI,0.8438795308228239
PCR,0.3988014356552817
SC_Score,0.2043918021194491
BVC_Score,1733.2838855025168
BER_Score,0.628596600829595
Final_Score,578.0389579684886
