Metric,Value
Moran Index,0.4317667317776896
Geary C,0.5691045049116001
ARI,0.0714414687849833
NMI,0.1419901415505507
asw_celltype,0.3513177186250686
graph_clisi,0.8086038423328423
kBET,0.6544944885031672
KNN_connectivity,0.7014168075091655
bASW,0.5171612799167633
iLISI,0.5415886774646049
PCR,0.3572496861694946
SC_Score,0.4317667317776896
BVC_Score,0.3433382928233612
BER_Score,0.554382187912639
Final_Score,0.44316240417122993
