Metric,Value
Moran Index,0.0335020457521912
Geary C,0.9726981491012272
Davies-Bouldin Index,0.9100788354960132
Silhouette Coefficient,0.4023358842470171
Calinski-Harabaz Index,34608.06519341703
kBET,0.6321050269299822
KNN_connectivity,0.5829877401808536
bASW,0.41323156714290943
iLISI,0.4720364962817307
PCR,0.4323384007968102
SC_Score,0.0335020457521912
BVC_Score,11536.459202712258
BER_Score,0.5065398462664572
Final_Score,3845.666414868092
