Metric,Value
Moran Index,0.3833368059099286
Geary C,0.6139410030615872
ARI,0.1104398488597318
NMI,0.2228492601132418
asw_celltype,0.4029621481895447
graph_clisi,0.8394207233624463
kBET,0.7992605582346926
KNN_connectivity,0.8557209088184015
bASW,0.4572455771267414
iLISI,0.7625280780372715
PCR,0.2966535145404063
SC_Score,0.3833368059099286
BVC_Score,0.3939179951312411
BER_Score,0.6342817273515027
Final_Score,0.4705121761308908
