Metric,Value
Moran Index,0.6022652558224183
Geary C,0.3972105335500271
ARI,0.0744626843578078
NMI,0.1437326077263913
asw_celltype,0.3513177186250686
graph_clisi,0.8086038423328423
kBET,0.6544944885031672
KNN_connectivity,0.7014168075091655
bASW,0.5171612799167633
iLISI,0.5415886774646049
PCR,0.3572496861694946
SC_Score,0.6022652558224183
BVC_Score,0.3445292132605275
BER_Score,0.554382187912639
Final_Score,0.5003922189985283
