Metric,Value
Moran Index,0.0615176145835602
Geary C,0.9424430050530156
Davies-Bouldin Index,1.0475532608981843
Silhouette Coefficient,0.2610725962486809
Calinski-Harabaz Index,28956.785614853117
kBET,0.6321050269299822
KNN_connectivity,0.5829877401808536
bASW,0.41323156714290943
iLISI,0.4720364962817307
PCR,0.4323384007968102
SC_Score,0.0615176145835602
BVC_Score,9652.698080236753
BER_Score,0.5065398462664572
Final_Score,3217.7553792325343
