Metric,Value
Moran Index,0.1817798218020403
Geary C,0.8102634319989334
Davies-Bouldin Index,3.156813037988458
Silhouette Coefficient,0.1552979244750253
Calinski-Harabaz Index,15370.29570493027
kBET,0.6321050269299822
KNN_connectivity,0.5829877401808536
bASW,0.41323156714290943
iLISI,0.4720364962817307
PCR,0.4323384007968102
SC_Score,0.1817798218020403
BVC_Score,5124.535938630911
BER_Score,0.5065398462664572
Final_Score,1708.4080860996598
