Metric,Value
Moran Index,0.241569444242876
Geary C,0.7629687617248697
Davies-Bouldin Index,0.6620312973958185
Silhouette Coefficient,0.4785611927509308
Calinski-Harabaz Index,17546.60712502616
kBET,0.8823988005997002
KNN_connectivity,0.5215654430698864
bASW,0.4963377940002829
iLISI,0.8438795308228239
PCR,0.3988014356552817
SC_Score,0.241569444242876
BVC_Score,5849.249239172103
BER_Score,0.628596600829595
Final_Score,1950.0398017390587
