Metric,Value
Moran Index,0.2210953137560349
Geary C,0.7762269350593379
ARI,0.1050266131145365
NMI,0.2034281547845614
asw_celltype,0.4029621481895447
graph_clisi,0.8394207233624463
kBET,0.7992605582346926
KNN_connectivity,0.8557209088184015
bASW,0.4572455771267414
iLISI,0.7625280780372715
PCR,0.2966535145404063
SC_Score,0.2210953137560349
BVC_Score,0.3877094098627722
BER_Score,0.6342817273515027
Final_Score,0.41436215032343665
