Metric,Value
Moran Index,0.3960625366737194
Geary C,0.6054936702781497
ARI,0.0212965458361729
NMI,0.0846370479616659
asw_celltype,0.3513177186250686
graph_clisi,0.8086038423328423
kBET,0.6544944885031672
KNN_connectivity,0.7014168075091655
bASW,0.5171612799167633
iLISI,0.5415886774646049
PCR,0.3572496861694946
SC_Score,0.3960625366737194
BVC_Score,0.3164637886889374
BER_Score,0.554382187912639
Final_Score,0.42230283775843197
