Metric,Value
Moran Index,0.570414100657825
Geary C,0.43008191690952763
Davies-Bouldin Index,1.8907719304074952
Silhouette Coefficient,0.19247552752494812
Calinski-Harabaz Index,773.9086370012291
SC_Score,0.570414100657825
BVC_Score,258.66396148638717
Total_Score,129.6171877935225
