Metric,Value
Moran Index,0.5889999655398322
Geary C,0.4084976078890763
Davies-Bouldin Index,2.042593074034868
Silhouette Coefficient,0.15950363874435425
Calinski-Harabaz Index,665.157058098938
SC_Score,0.5889999655398322
BVC_Score,222.45305160390572
Total_Score,111.52102578472278
