Metric,Value
Moran Index,0.7192761146960951
Geary C,0.2806369145994013
Davies-Bouldin Index,1.8781904975537074
Silhouette Coefficient,0.1716551035642624
Calinski-Harabaz Index,735.3176687103983
SC_Score,0.7192761146960951
BVC_Score,245.7891714371721
Total_Score,123.2542237759341
