Metric,Value
Moran Index,0.2929031230283423
Geary C,0.7041526182096497
Davies-Bouldin Index,2.024653281517003
Silhouette Coefficient,0.06482625007629395
Calinski-Harabaz Index,494.7031136732593
SC_Score,0.2929031230283423
BVC_Score,165.59753106828418
Total_Score,82.94521709565626
