Metric,Value
Moran Index,0.5881466942137796
Geary C,0.4105844925740607
Davies-Bouldin Index,2.044688768737012
Silhouette Coefficient,0.15404115617275238
Calinski-Harabaz Index,668.0878408999705
SC_Score,0.5881466942137796
BVC_Score,223.42885694162678
Total_Score,112.00850181792028
