Metric,Value
Moran Index,0.6081797870873793
Geary C,0.3929466531706386
Davies-Bouldin Index,1.8733917711106542
Silhouette Coefficient,0.17954574525356293
Calinski-Harabaz Index,748.9731632934114
SC_Score,0.6081797870873793
BVC_Score,250.34203360325853
Total_Score,125.47510669517295
