Metric,Value
Moran Index,0.5865600223159121
Geary C,0.4173119117141319
Davies-Bouldin Index,2.360106460647204
Silhouette Coefficient,0.11147118359804153
Calinski-Harabaz Index,513.819887170629
SC_Score,0.5865600223159121
BVC_Score,172.09715493829142
Total_Score,86.34185748030367
