Metric,Value
Moran Index,0.46124501492667985
Geary C,0.5399517651918153
Davies-Bouldin Index,1.9916789928576926
Silhouette Coefficient,0.18545767664909363
Calinski-Harabaz Index,700.1970201708793
SC_Score,0.46124501492667985
BVC_Score,234.12471894679538
Total_Score,117.29298198086103
