Metric,Value
Moran Index,0.4208572674915296
Geary C,0.5822926351163188
Davies-Bouldin Index,5.825783793985842
Silhouette Coefficient,-0.06453391164541245
Calinski-Harabaz Index,87.7860531055868
SC_Score,0.4208572674915296
BVC_Score,31.182434329309075
Total_Score,15.801645798400303
