Metric,Value
Moran Index,0.6292192624515295
Geary C,0.369187753407108
Davies-Bouldin Index,0.3420287591322821
Silhouette Coefficient,0.283297061920166
Calinski-Harabaz Index,318.7305778331493
SC_Score,0.6292192624515295
BVC_Score,106.45196788473392
Total_Score,53.54059357359272
