Metric,Value
Moran Index,0.7210728770495288
Geary C,0.28024417004485147
Davies-Bouldin Index,2.141376450154291
Silhouette Coefficient,0.023229844868183136
Calinski-Harabaz Index,122.47510785620685
SC_Score,0.7210728770495288
BVC_Score,41.54657138374311
Total_Score,21.133822130396318
