Metric,Value
Moran Index,0.6341810971155902
Geary C,0.3716402428643579
Davies-Bouldin Index,2.4892767433811125
Silhouette Coefficient,-0.024530639871954918
Calinski-Harabaz Index,177.5192571251749
SC_Score,0.6341810971155902
BVC_Score,59.994667742894684
Total_Score,30.31442442000514
