Metric,Value
Moran Index,0.5720204734573853
Geary C,0.4323321818055899
Davies-Bouldin Index,3.7071111352930783
Silhouette Coefficient,-0.013999859802424908
Calinski-Harabaz Index,124.34462449740909
SC_Score,0.5720204734573853
BVC_Score,42.67924525763325
Total_Score,21.625632865545317
