Metric,Value
Moran Index,0.3496726328582105
Geary C,0.654319624864545
Davies-Bouldin Index,4.132232078441211
Silhouette Coefficient,0.009402481839060783
Calinski-Harabaz Index,112.00210058284316
SC_Score,0.3496726328582105
BVC_Score,38.71457838104114
Total_Score,19.532125506949676
