Metric,Value
Moran Index,0.4693239751353291
Geary C,0.526912450542653
Davies-Bouldin Index,2.000362251051633
Silhouette Coefficient,0.08443911373615265
Calinski-Harabaz Index,242.3715581038744
SC_Score,0.4693239751353291
BVC_Score,81.48545315622073
Total_Score,40.97738856567803
