Metric,Value
Moran Index,0.4934448878559868
Geary C,0.5074866048247093
Davies-Bouldin Index,2.5556747408527007
Silhouette Coefficient,-0.00507147004827857
Calinski-Harabaz Index,180.8387620977872
SC_Score,0.4934448878559868
BVC_Score,61.12978845619721
Total_Score,30.8116166720266
