Metric,Value
Moran Index,0.5501202102660646
Geary C,0.45235978602611326
Davies-Bouldin Index,2.5298199592458075
Silhouette Coefficient,0.06493321806192398
Calinski-Harabaz Index,203.59118210614002
SC_Score,0.5501202102660646
BVC_Score,68.72864509448259
Total_Score,34.63938265237432
