Metric,Value
Moran Index,0.48886240600276193
Geary C,0.5140127725905907
Davies-Bouldin Index,4.03685206258065
Silhouette Coefficient,0.02777133695781231
Calinski-Harabaz Index,156.53973054292572
SC_Score,0.48886240600276193
BVC_Score,53.53478464748806
Total_Score,27.01182352674541
