Metric,Value
Moran Index,0.6617830260718129
Geary C,0.3218191682152856
Davies-Bouldin Index,2.285154100036964
Silhouette Coefficient,-0.012066323310136795
Calinski-Harabaz Index,123.38742565634941
SC_Score,0.6617830260718129
BVC_Score,41.88683781102541
Total_Score,21.27431041854861
