Metric,Value
Moran Index,0.7062651434218752
Geary C,0.2952315673577027
Davies-Bouldin Index,2.7642225493872843
Silhouette Coefficient,-0.0352911502122879
Calinski-Harabaz Index,158.16828861890463
SC_Score,0.7062651434218752
BVC_Score,53.63240667269321
Total_Score,27.16933590805754
