Metric,Value
Moran Index,0.44435789157372063
Geary C,0.5521043724075188
Davies-Bouldin Index,2.942079589608361
Silhouette Coefficient,0.10546933114528656
Calinski-Harabaz Index,259.33872788635944
SC_Score,0.44435789157372063
BVC_Score,87.46209226903768
Total_Score,43.9532250803057
