Metric,Value
Moran Index,0.659517801844376
Geary C,0.34321603589642713
Davies-Bouldin Index,2.4174568313985834
Silhouette Coefficient,-0.04056220501661301
Calinski-Harabaz Index,139.06710904556823
SC_Score,0.659517801844376
BVC_Score,47.14800122398341
Total_Score,23.90375951291389
