Metric,Value
Moran Index,0.5560224456269245
Geary C,0.4394762127727617
Davies-Bouldin Index,2.4881313625730472
Silhouette Coefficient,-0.013649453409016132
Calinski-Harabaz Index,145.87332395732196
SC_Score,0.5560224456269245
BVC_Score,49.449268622162
Total_Score,25.002645533894462
