Metric,Value
Moran Index,0.5687693277556923
Geary C,0.4248946653555725
Davies-Bouldin Index,2.5031728816755994
Silhouette Coefficient,-0.04051751270890236
Calinski-Harabaz Index,173.0461687910316
SC_Score,0.5687693277556923
BVC_Score,58.502941386666095
Total_Score,29.53585535721089
