Metric,Value
Moran Index,0.1570538017814949
Geary C,0.8436581339400357
Davies-Bouldin Index,1.140113559042649
Silhouette Coefficient,0.14294789731502533
Calinski-Harabaz Index,482.5809767134399
SC_Score,0.1570538017814949
BVC_Score,161.28801272326587
Total_Score,80.72253326252368
