Metric,Value
Moran Index,0.32904291478274794
Geary C,0.6732333320600996
Davies-Bouldin Index,2.0035761607187417
Silhouette Coefficient,0.005220057908445597
Calinski-Harabaz Index,222.15622653511466
SC_Score,0.32904291478274794
BVC_Score,74.72167425124728
Total_Score,37.52535858301501
