Metric,Value
Moran Index,0.23708601586741546
Geary C,0.7630189441626802
Davies-Bouldin Index,2.0288180331759573
Silhouette Coefficient,0.01362705696374178
Calinski-Harabaz Index,258.10793779629216
SC_Score,0.23708601586741546
BVC_Score,86.7167942954773
Total_Score,43.47694015567236
