Metric,Value
Moran Index,0.22541228666368499
Geary C,0.773825720974306
Davies-Bouldin Index,2.629400640895745
Silhouette Coefficient,-0.07559619843959808
Calinski-Harabaz Index,198.36078318771476
SC_Score,0.22541228666368499
BVC_Score,66.97152921005697
Total_Score,33.59847074836033
