Metric,Value
Moran Index,0.26553777583817145
Geary C,0.7410714350658109
Davies-Bouldin Index,2.5669725638090126
Silhouette Coefficient,-0.0847315639257431
Calinski-Harabaz Index,165.41354522581972
SC_Score,0.26553777583817145
BVC_Score,55.96526207523433
Total_Score,28.11539992553625
