Metric,Value
Moran Index,0.47236229562638915
Geary C,0.5258097649268196
Davies-Bouldin Index,2.134638352959002
Silhouette Coefficient,0.010532225482165813
Calinski-Harabaz Index,273.175811594386
SC_Score,0.47236229562638915
BVC_Score,91.77366072427573
Total_Score,46.123011509951056
