Metric,Value
Moran Index,0.31009885036084417
Geary C,0.6889442726119135
Davies-Bouldin Index,2.218830223209495
Silhouette Coefficient,-0.007719123736023903
Calinski-Harabaz Index,284.76853482789545
SC_Score,0.31009885036084417
BVC_Score,95.65988197578965
Total_Score,47.984990413075245
