Metric,Value
Moran Index,0.14908428148621622
Geary C,0.8498323964862737
Davies-Bouldin Index,1.4386252816060494
Silhouette Coefficient,0.12974874675273895
Calinski-Harabaz Index,451.5306034113464
SC_Score,0.14908428148621622
BVC_Score,151.03299247990174
Total_Score,75.59103838069397
