Metric,Value
Moran Index,0.18777854144300693
Geary C,0.8135011300923325
Davies-Bouldin Index,1.3905528838748638
Silhouette Coefficient,0.12928250432014465
Calinski-Harabaz Index,457.4624551968331
SC_Score,0.18777854144300693
BVC_Score,152.99409686167604
Total_Score,76.59093770155953
