Metric,Value
Moran Index,0.14084006818535205
Geary C,0.8580617459703639
Davies-Bouldin Index,3.269408081328707
Silhouette Coefficient,-0.043202243745326996
Calinski-Harabaz Index,201.19269580038568
SC_Score,0.14084006818535205
BVC_Score,68.13963387932303
Total_Score,34.14023697375419
