Metric,Value
Moran Index,0.07147483781757323
Geary C,0.9253601558966043
Davies-Bouldin Index,3.3388326541180318
Silhouette Coefficient,-0.021610470488667488
Calinski-Harabaz Index,195.26351509273715
SC_Score,0.07147483781757323
BVC_Score,66.19357909212216
Total_Score,33.13252696496987
