Metric,Value
Moran Index,0.35878676323087577
Geary C,0.6446565383252957
Davies-Bouldin Index,1.4519816979222702
Silhouette Coefficient,0.10885710269212723
Calinski-Harabaz Index,380.59842150170954
SC_Score,0.35878676323087577
BVC_Score,127.38642010077466
Total_Score,63.87260343200277
