Metric,Value
Moran Index,0.39215262726015426
Geary C,0.6083422475304961
Davies-Bouldin Index,2.1936834766751137
Silhouette Coefficient,0.0014393675373867154
Calinski-Harabaz Index,276.9786927662817
SC_Score,0.39215262726015426
BVC_Score,93.0579385368314
Total_Score,46.72504558204578
