Metric,Value
Moran Index,0.22632360691492967
Geary C,0.7749123394721379
Davies-Bouldin Index,2.2822287377257187
Silhouette Coefficient,-0.015035551972687244
Calinski-Harabaz Index,280.9222117699954
SC_Score,0.22632360691492967
BVC_Score,94.39646831858282
Total_Score,47.311395962748875
