Metric,Value
Moran Index,0.5076488940027527
Geary C,0.492499788659965
Davies-Bouldin Index,2.169149797660143
Silhouette Coefficient,-0.014321951195597649
Calinski-Harabaz Index,226.78964930577314
SC_Score,0.5076488940027527
BVC_Score,76.31482571741256
Total_Score,38.41123730570766
