Metric,Value
Moran Index,0.25481172179277667
Geary C,0.7446542105665216
Davies-Bouldin Index,2.126009961162203
Silhouette Coefficient,0.005164136178791523
Calinski-Harabaz Index,243.68464777578217
SC_Score,0.25481172179277667
BVC_Score,81.93860729104105
Total_Score,41.096709506416914
