Metric,Value
Moran Index,0.0779604447263204
Geary C,0.9212309987632884
ARI,0.0701241837772214
NMI,0.1105064314681245
asw_celltype,0.4322336840203888
graph_clisi,0.7833928343225242
kBET,0.6653551593101433
KNN_connectivity,0.9625352756992058
bASW,0.4715303989533546
iLISI,0.6407741114569184
PCR,0.203593953098441
SC_Score,0.0779604447263204
BVC_Score,0.3490642833970647
BER_Score,0.5887577797036126
Final_Score,0.33859416927566593
