Metric,Value
Moran Index,0.512060119143533
Geary C,0.4878732353776096
Davies-Bouldin Index,2.49271366145846
Silhouette Coefficient,0.1939699195219574
Calinski-Harabaz Index,2291.585798095747
kBET,0.6033501655164676
KNN_connectivity,0.820933338355178
bASW,0.4810307088376598
iLISI,0.4464194224855432
PCR,0.4307916736800763
SC_Score,0.512060119143533
BVC_Score,764.7574938922426
BER_Score,0.5565050617749849
Final_Score,255.275353024387
