Metric,Value
Moran Index,0.2822444313893247
Geary C,0.7178415990570671
Davies-Bouldin Index,1.0136592849426591
Silhouette Coefficient,0.2993607817893545
Calinski-Harabaz Index,2909.559775231715
kBET,0.834032983508246
KNN_connectivity,0.8832107710730557
bASW,0.4929306356551509
iLISI,0.7973060980821804
PCR,0.4329071007776641
SC_Score,0.2822444313893247
BVC_Score,970.2909317661488
BER_Score,0.6880775178192595
Final_Score,323.7537512384525
