Metric,Value
Moran Index,0.262103638199123
Geary C,0.7347182015070571
Davies-Bouldin Index,1.5032871160638872
Silhouette Coefficient,0.167963543862233
Calinski-Harabaz Index,1719.0358251704872
kBET,0.834032983508246
KNN_connectivity,0.8832107710730557
bASW,0.4929306356551509
iLISI,0.7973060980821804
PCR,0.4329071007776641
SC_Score,0.262103638199123
BVC_Score,573.5690252768044
BER_Score,0.6880775178192595
Final_Score,191.50640214427426
