Metric,Value
Moran Index,0.4590217388420191
Geary C,0.5409345605570592
ARI,0.0643701940578128
NMI,0.1286710499369616
asw_celltype,0.4659403734794172
graph_clisi,0.9022586882565676
kBET,0.4592169185495535
KNN_connectivity,0.9921457631450176
bASW,0.400972285907334
iLISI,0.4065016827425396
PCR,0.1752944196939808
SC_Score,0.4590217388420191
BVC_Score,0.3903100764326898
BER_Score,0.4868262140076851
Final_Score,0.445386009760798
