Metric,Value
Moran Index,0.1838929156717695
Geary C,0.8190817472743906
Davies-Bouldin Index,1.3412668698428298
Silhouette Coefficient,0.2066737997486344
Calinski-Harabaz Index,1648.7409032287517
kBET,0.834032983508246
KNN_connectivity,0.8832107710730557
bASW,0.4929306356551509
iLISI,0.7973060980821804
PCR,0.4329071007776641
SC_Score,0.1838929156717695
BVC_Score,550.0962812994477
BER_Score,0.6880775178192595
Final_Score,183.65608391097956
