Metric,Value
Moran Index,0.4615399308626234
Geary C,0.5388124605165643
Davies-Bouldin Index,1.054942302946547
Silhouette Coefficient,0.3184556787631408
Calinski-Harabaz Index,5955.381277521601
kBET,0.6033501655164676
KNN_connectivity,0.820933338355178
bASW,0.4810307088376598
iLISI,0.4464194224855432
PCR,0.4307916736800763
SC_Score,0.4615399308626234
BVC_Score,1985.584891834437
BER_Score,0.5565050617749849
Final_Score,662.2009789423582
