Metric,Value
Moran Index,0.512399899872386
Geary C,0.4865911930697196
Davies-Bouldin Index,1.2631678815030076
Silhouette Coefficient,0.2757899512376368
Calinski-Harabaz Index,4366.690026294729
kBET,0.6033501655164676
KNN_connectivity,0.820933338355178
bASW,0.4810307088376598
iLISI,0.4464194224855432
PCR,0.4307916736800763
SC_Score,0.512399899872386
BVC_Score,1456.07632804249
BER_Score,0.5565050617749849
Final_Score,485.7150776680458
