Metric,Value
Moran Index,0.4182582775852675
Geary C,0.581361741996781
Davies-Bouldin Index,1.375856608247275
Silhouette Coefficient,0.2329924005318705
Calinski-Harabaz Index,3899.849505821992
kBET,0.6033501655164676
KNN_connectivity,0.820933338355178
bASW,0.4810307088376598
iLISI,0.4464194224855432
PCR,0.4307916736800763
SC_Score,0.4182582775852675
BVC_Score,1300.4861182769234
BER_Score,0.5565050617749849
Final_Score,433.8202938720945
