Metric,Value
Moran Index,0.4011762581337379
Geary C,0.5954715524579568
Davies-Bouldin Index,2.072385669624784
Silhouette Coefficient,0.1322645923767347
Calinski-Harabaz Index,1088.6972697830745
kBET,0.834032983508246
KNN_connectivity,0.8832107710730557
bASW,0.4929306356551509
iLISI,0.7973060980821804
PCR,0.4329071007776641
SC_Score,0.4011762581337379
BVC_Score,363.63397334835855
BER_Score,0.6880775178192595
Final_Score,121.57440904143716
