Metric,Value
Moran Index,0.035510981298551
Geary C,0.9605518348408048
ARI,0.0612632591490528
NMI,0.1021282188206775
asw_celltype,0.4322336840203888
graph_clisi,0.7833928343225242
kBET,0.6653551593101433
KNN_connectivity,0.9625352756992058
bASW,0.4715303989533546
iLISI,0.6407741114569184
PCR,0.203593953098441
SC_Score,0.035510981298551
BVC_Score,0.3447544990781608
BER_Score,0.5887577797036126
Final_Score,0.3230077533601082
