Metric,Value
Moran Index,0.26775738228252133
Geary C,0.7292450455355486
Davies-Bouldin Index,2.764730696486784
Silhouette Coefficient,0.20466522872447968
Calinski-Harabaz Index,1550.8590799773265
SC_Score,0.26775738228252133
BVC_Score,517.9428253008459
Total_Score,259.1052913415642
