Metric,Value
Moran Index,0.4005316273668148
Geary C,0.59894456632688
Davies-Bouldin Index,1.5113876563925406
Silhouette Coefficient,0.26962408423423767
Calinski-Harabaz Index,2789.7586279646976
SC_Score,0.4005316273668148
BVC_Score,930.5132132351081
Total_Score,465.45687243123746
