Metric,Value
Moran Index,0.7875665800014958
Geary C,0.21135621956301986
Davies-Bouldin Index,1.5328641431820191
Silhouette Coefficient,0.21585962176322937
Calinski-Harabaz Index,2614.968010643353
SC_Score,0.7875665800014958
BVC_Score,872.2389114694328
Total_Score,436.5132390247171
