Metric,Value
Moran Index,0.39132063084247964
Geary C,0.6092578252778758
Davies-Bouldin Index,3.8582315748613967
Silhouette Coefficient,0.13020776212215424
Calinski-Harabaz Index,1429.6409302634777
SC_Score,0.39132063084247964
BVC_Score,477.87645653348704
Total_Score,239.13388858216476
