Metric,Value
Moran Index,0.34204734656715546
Geary C,0.6592378405155294
Davies-Bouldin Index,1.3169756147938103
Silhouette Coefficient,0.25269967317581177
Calinski-Harabaz Index,3406.2597204618037
SC_Score,0.34204734656715546
BVC_Score,1135.943131916591
Total_Score,568.1425896315791
