Metric,Value
Moran Index,0.4557865946207571
Geary C,0.5378406367365431
Davies-Bouldin Index,1.2654190411667596
Silhouette Coefficient,0.22404448688030243
Calinski-Harabaz Index,3335.2083053362558
SC_Score,0.4557865946207571
BVC_Score,1112.2325896214343
Total_Score,556.3441881080275
