Metric,Value
Moran Index,0.44741969396006676
Geary C,0.5563174546926989
Davies-Bouldin Index,1.2003838798828934
Silhouette Coefficient,0.3408359885215759
Calinski-Harabaz Index,4026.650735403234
SC_Score,0.44741969396006676
BVC_Score,1342.7306517572129
Total_Score,671.5890357255864
