Metric,Value
Moran Index,0.6276944866036687
Geary C,0.36935381789883304
Davies-Bouldin Index,1.6018490369895786
Silhouette Coefficient,0.20657864212989807
Calinski-Harabaz Index,2616.113829765328
SC_Score,0.6276944866036687
BVC_Score,872.6407524814825
Total_Score,436.6342234840431
