Metric,Value
Moran Index,0.2653545752043879
Geary C,0.741626056452979
Davies-Bouldin Index,1.8879707358663838
Silhouette Coefficient,0.04977951
Calinski-Harabaz Index,19850.172791677174
kBET,0.5516623993665039
KNN_connectivity,0.9780428853087706
bASW,0.5273465719074011
iLISI,0.4086521500626882
PCR,0.6889252653927067
SC_Score,0.2653545752043879
BVC_Score,6617.370180640434
BER_Score,0.6309258544076141
Final_Score,2206.0888203566824
Scenario,without_rna
Dataset_Short,Mouse_Brain
