Metric,Value
Moran Index,0.26331137055467574
Geary C,0.7319388448241458
Davies-Bouldin Index,1.5921086765066752
Silhouette Coefficient,0.13592802
Calinski-Harabaz Index,24295.742490711393
kBET,0.5516623993665039
KNN_connectivity,0.9780428853087706
bASW,0.5273465719074011
iLISI,0.4086521500626882
PCR,0.6889252653927067
SC_Score,0.26331137055467574
BVC_Score,8099.1568424692605
BER_Score,0.6309258544076141
Final_Score,2700.017026564741
Scenario,without_rna
Dataset_Short,Mouse_Brain
