Metric,Value
Moran Index,0.3898244070995829
Geary C,0.6130739053857157
Davies-Bouldin Index,1.9199349768837994
Silhouette Coefficient,0.05087359
Calinski-Harabaz Index,17464.521389849022
kBET,0.6000234921472879
KNN_connectivity,0.970913239357956
bASW,0.5040850723162293
iLISI,0.4426160539751205
PCR,0.6657775862485695
SC_Score,0.3898244070995829
BVC_Score,5822.164066138225
BER_Score,0.6366830888090327
Final_Score,1941.0635245447113
Scenario,without_second
Dataset_Short,Mouse_Brain
