Metric,Value
Moran Index,0.2933986209282761
Geary C,0.7107945099159695
Davies-Bouldin Index,1.9572586329016128
Silhouette Coefficient,0.023979472
Calinski-Harabaz Index,19300.631484100344
kBET,0.5516623993665039
KNN_connectivity,0.9780428853087706
bASW,0.5273465719074011
iLISI,0.4086521500626882
PCR,0.6889252653927067
SC_Score,0.2933986209282761
BVC_Score,6434.204240735081
BER_Score,0.6309258544076141
Final_Score,2145.042855070139
Scenario,without_rna
Dataset_Short,Mouse_Brain
