Metric,Value
Moran Index,0.5108679873485675
Geary C,0.4908181240982091
Davies-Bouldin Index,1.989536607399581
Silhouette Coefficient,0.15277160704135895
Calinski-Harabaz Index,5427.6028126730225
SC_Score,0.5108679873485675
BVC_Score,1809.9150402958212
Total_Score,905.2129541415849
