Metric,Value
Moran Index,0.1728003222465833
Geary C,0.8278183547173581
Davies-Bouldin Index,0.6514894412800939
Silhouette Coefficient,0.40278393030166626
Calinski-Harabaz Index,15243.861335609618
SC_Score,0.1728003222465833
BVC_Score,5081.6385363270665
Total_Score,2540.9056683246567
