Metric,Value
Moran Index,0.3671280096641019
Geary C,0.6358312803529811
Davies-Bouldin Index,3.6315591163069905
Silhouette Coefficient,0.008227160200476646
Calinski-Harabaz Index,4854.035565159918
SC_Score,0.3671280096641019
BVC_Score,1619.2251171454752
Total_Score,809.7961225775697
