Metric,Value
Moran Index,0.1512058999916116
Geary C,0.8508258656954191
Davies-Bouldin Index,0.8582154740442678
Silhouette Coefficient,0.3050382435321808
Calinski-Harabaz Index,8613.69698684141
SC_Score,0.1512058999916116
BVC_Score,2871.620080186329
Total_Score,1435.8856430431601
