Metric,Value
Moran Index,0.09310758755063625
Geary C,0.9066755736697137
Davies-Bouldin Index,0.5894031437677361
Silhouette Coefficient,0.5003424286842346
Calinski-Harabaz Index,22215.365915756465
SC_Score,0.09310758755063625
BVC_Score,7405.485220442973
Total_Score,3702.7891640152616
