Metric,Value
Moran Index,0.13738294712136206
Geary C,0.859553027056346
Davies-Bouldin Index,0.8623565983365282
Silhouette Coefficient,0.31194186210632324
Calinski-Harabaz Index,8733.76637987609
SC_Score,0.13738294712136206
BVC_Score,2911.646892778844
Total_Score,1455.8921378629827
