Metric,Value
Moran Index,0.33362223048283773
Geary C,0.6649557914480654
Davies-Bouldin Index,0.8155354950345588
Silhouette Coefficient,0.3524344265460968
Calinski-Harabaz Index,13550.191964573984
SC_Score,0.33362223048283773
BVC_Score,4517.119978165188
Total_Score,2258.726800197835
