Metric,Value
Moran Index,0.06389277508417096
Geary C,0.937519944392345
Davies-Bouldin Index,0.6914331435063086
Silhouette Coefficient,0.4315032958984375
Calinski-Harabaz Index,13632.292736582798
SC_Score,0.06389277508417096
BVC_Score,4544.471891007401
Total_Score,2272.2678918912425
