Metric,Value
Moran Index,0.59356653911723
Geary C,0.3986338590276022
Davies-Bouldin Index,2.0402349551633066
Silhouette Coefficient,0.1205705925822258
Calinski-Harabaz Index,713.4868365054677
SC_Score,0.59356653911723
BVC_Score,238.54921401773777
Total_Score,119.5713902784275
