Metric,Value
Moran Index,0.28412543037079213
Geary C,0.7095688218294884
Davies-Bouldin Index,2.3043203804895818
Silhouette Coefficient,0.12054534256458282
Calinski-Harabaz Index,2407.389518034009
SC_Score,0.28412543037079213
BVC_Score,803.2714612523545
Total_Score,401.7777933413626
