Metric,Value
Moran Index,0.2999217835590405
Geary C,0.6954574531464425
Davies-Bouldin Index,0.7738726401858347
Silhouette Coefficient,0.3754004240036011
Calinski-Harabaz Index,13911.415231516406
SC_Score,0.2999217835590405
BVC_Score,4637.521501526865
Total_Score,2318.910711655212
