Metric,Value
Moran Index,0.34428048758423957
Geary C,0.6542768427943849
Davies-Bouldin Index,0.6743719059531378
Silhouette Coefficient,0.37903347611427307
Calinski-Harabaz Index,14160.616371690665
SC_Score,0.34428048758423957
BVC_Score,4720.556592357577
Total_Score,2360.4504364225804
