Metric,Value
Moran Index,0.21717430147682737
Geary C,0.7833476827081788
Davies-Bouldin Index,0.6611317956443807
Silhouette Coefficient,0.4849851429462433
Calinski-Harabaz Index,17631.444367338638
SC_Score,0.21717430147682737
BVC_Score,5877.530161425743
Total_Score,2938.87366786361
