Metric,Value
Moran Index,0.928999218434112
Geary C,0.07144441709539669
Davies-Bouldin Index,1.1637009336783741
Silhouette Coefficient,0.3164980709552765
Calinski-Harabaz Index,2004.3316516854334
SC_Score,0.928999218434112
BVC_Score,668.6039502300224
Total_Score,334.76647472422826
