Metric,Value
Moran Index,0.9439012426106963
Geary C,0.05632201071856426
Davies-Bouldin Index,1.2179652821221802
Silhouette Coefficient,0.30140596628189087
Calinski-Harabaz Index,1523.5721770897467
SC_Score,0.9439012426106963
BVC_Score,508.3638494460502
Total_Score,254.65387534433046
