Metric,Value
Moran Index,0.9632582724711118
Geary C,0.03670439007207906
Davies-Bouldin Index,1.3232322058366284
Silhouette Coefficient,0.2635188102722168
Calinski-Harabaz Index,1295.810303554225
SC_Score,0.9632582724711118
BVC_Score,432.4656848567779
Total_Score,216.71447156462452
