Metric,Value
Moran Index,0.9145586129222835
Geary C,0.08573637904691811
Davies-Bouldin Index,1.2157751445433027
Silhouette Coefficient,0.2906959652900696
Calinski-Harabaz Index,2251.56854788457
SC_Score,0.9145586129222835
BVC_Score,751.0250063314678
Total_Score,375.96978247219505
