Metric,Value
Moran Index,0.9529753598805283
Geary C,0.045837574624511684
Davies-Bouldin Index,1.4505428433193763
Silhouette Coefficient,0.20705944299697876
Calinski-Harabaz Index,1354.058881939981
SC_Score,0.9529753598805283
BVC_Score,451.9054947420991
Total_Score,226.42923505098983
