Metric,Value
Moran Index,0.9614361371364417
Geary C,0.03876003885768221
Davies-Bouldin Index,1.3197804066326126
Silhouette Coefficient,0.22988925874233246
Calinski-Harabaz Index,1750.7979040856105
SC_Score,0.9614361371364417
BVC_Score,584.1158579169952
Total_Score,292.5386470270658
