Metric,Value
Moran Index,0.9578859612734789
Geary C,0.04153901146829057
Davies-Bouldin Index,1.4328479480492777
Silhouette Coefficient,0.2471238076686859
Calinski-Harabaz Index,1722.863717308266
SC_Score,0.9578859612734789
BVC_Score,574.8478963546613
Total_Score,287.9028911579674
