Metric,Value
Moran Index,0.9409725858339427
Geary C,0.05907327409715479
Davies-Bouldin Index,1.1324682922182607
Silhouette Coefficient,0.3328118324279785
Calinski-Harabaz Index,2608.2321836126093
SC_Score,0.9409725858339427
BVC_Score,869.8991545790851
Total_Score,435.42006358245953
