Metric,Value
Moran Index,0.9429027977718887
Geary C,0.05769873418211009
Davies-Bouldin Index,1.2911511665432525
Silhouette Coefficient,0.25080934166908264
Calinski-Harabaz Index,1911.3849137312664
SC_Score,0.9429027977718887
BVC_Score,637.6422914131596
Total_Score,319.29259710546575
