Metric,Value
Moran Index,0.9435706636757666
Geary C,0.05626927778347213
Davies-Bouldin Index,1.340848552915182
Silhouette Coefficient,0.2533157765865326
Calinski-Harabaz Index,1255.08688617688
SC_Score,0.9435706636757666
BVC_Score,418.8936835021272
Total_Score,209.91862708290148
