Metric,Value
Moran Index,0.9584717290530924
Geary C,0.04090101480372073
Davies-Bouldin Index,1.4759105997980035
Silhouette Coefficient,0.25867316126823425
Calinski-Harabaz Index,2011.9956756755357
SC_Score,0.9584717290530924
BVC_Score,671.2434198122006
Total_Score,336.1009457706269
