Metric,Value
Moran Index,0.9517047821812907
Geary C,0.048287103000495005
Davies-Bouldin Index,1.2960595339900962
Silhouette Coefficient,0.2608545124530792
Calinski-Harabaz Index,1632.27866758099
SC_Score,0.9517047821812907
BVC_Score,544.6118605424778
Total_Score,272.78178266232953
