Metric,Value
Moran Index,0.2369802048117766
Geary C,0.7742371871485595
ARI,0.08255539744145564
NMI,0.2191200152539304
asw_celltype,0.40954748541116714
graph_clisi,0.5
kBET,0.33337430167597765
KNN_connectivity,0.9967863873579954
bASW,0.5022604705300182
iLISI,0.2890381927927113
PCR,0.3650857835348007
SC_Score,0.2369802048117766
BVC_Score,0.3028057245266383
BER_Score,0.49730902717830067
Final_Score,0.34569831883890517
Scenario,without_rna
Dataset_Short,MISAR_S2
