Metric,Value
Moran Index,0.3405450965027328
Geary C,0.6631173332162398
ARI,0.13837601668623753
NMI,0.2758175603267201
asw_celltype,0.40381935238838196
graph_clisi,0.5
kBET,0.34536312849162015
KNN_connectivity,0.9899318205321588
bASW,0.5139605412259698
iLISI,0.2937451606158474
PCR,0.4273755474171882
SC_Score,0.3405450965027328
BVC_Score,0.3295032323503349
BER_Score,0.5140752396565568
Final_Score,0.39470785616987475
Scenario,without_second
Dataset_Short,MISAR_S2
