Metric,Value
Moran Index,0.3818177974420568
Geary C,0.621644847532596
ARI,0.16259263786894373
NMI,0.3073457973560206
asw_celltype,0.40381935238838196
graph_clisi,0.5
kBET,0.34536312849162015
KNN_connectivity,0.9899318205321588
bASW,0.5139605412259698
iLISI,0.2937451606158474
PCR,0.4273755474171882
SC_Score,0.3818177974420568
BVC_Score,0.34343944690333655
BER_Score,0.5140752396565568
Final_Score,0.4131108280006501
Scenario,without_second
Dataset_Short,MISAR_S2
