Metric,Value
Moran Index,0.3235361186380805
Geary C,0.6698911591189379
ARI,0.09969080388172054
NMI,0.2440749287963156
asw_celltype,0.40954748541116714
graph_clisi,0.5
kBET,0.33337430167597765
KNN_connectivity,0.9967863873579954
bASW,0.5022604705300182
iLISI,0.2890381927927113
PCR,0.3650857835348007
SC_Score,0.3235361186380805
BVC_Score,0.3133283045223008
BER_Score,0.49730902717830067
Final_Score,0.3780578167795607
Scenario,without_rna
Dataset_Short,MISAR_S2
