Metric,Value
Moran Index,0.2643398920376488
Geary C,0.7322054628963414
ARI,0.06933939609187487
NMI,0.19326121695515683
asw_celltype,0.40954748541116714
graph_clisi,0.5
kBET,0.33337430167597765
KNN_connectivity,0.9967863873579954
bASW,0.5022604705300182
iLISI,0.2890381927927113
PCR,0.3650857835348007
SC_Score,0.2643398920376488
BVC_Score,0.2930370246145497
BER_Score,0.49730902717830067
Final_Score,0.3515619812768331
Scenario,without_rna
Dataset_Short,MISAR_S2
