Metric,Value
Moran Index,0.414082765649154
Geary C,0.6022571819878552
ARI,0.19763277630151413
NMI,0.3298249328851395
asw_celltype,0.40381935238838196
graph_clisi,0.5
kBET,0.34536312849162015
KNN_connectivity,0.9899318205321588
bASW,0.5139605412259698
iLISI,0.2937451606158474
PCR,0.4273755474171882
SC_Score,0.414082765649154
BVC_Score,0.35781926539375886
BER_Score,0.5140752396565568
Final_Score,0.42865909023315657
Scenario,without_second
Dataset_Short,MISAR_S2
