Metric,Value
Moran Index,0.2544613149626093
Geary C,0.7415911778439063
ARI,0.0817648938910292
NMI,0.2081220799774017
asw_celltype,0.4000974148511886
graph_clisi,0.9473216513040962
kBET,0.2504804469273743
KNN_connectivity,1.0
bASW,0.4366862028837204
iLISI,0.2502226536197946
PCR,0.0005587567845902
SC_Score,0.2544613149626093
BVC_Score,0.4093265100059289
BER_Score,0.3875896120430959
Final_Score,0.35045914567054476
