Metric,Value
Moran Index,0.2862095340069492
Geary C,0.7212992057562234
ARI,0.1644283443274791
NMI,0.2485937254551928
asw_celltype,0.4639402776956558
graph_clisi,0.900989638889146
kBET,0.6515592576355399
KNN_connectivity,0.9889755028644536
bASW,0.4618567377328872
iLISI,0.6301670366322093
PCR,0.1411661551950898
SC_Score,0.2862095340069492
BVC_Score,0.4444879965918684
BER_Score,0.574744938012036
Final_Score,0.43514748953695115
