Metric,Value
Moran Index,0.1984830151408302
Geary C,0.7779526502255967
Davies-Bouldin Index,2.760238917045947
Silhouette Coefficient,-0.0142139298841357
Calinski-Harabaz Index,1318.7911585796512
kBET,0.2510220403853768
KNN_connectivity,0.9998658455134988
bASW,0.4437856189906597
iLISI,0.2504852399638478
PCR,0.0003959287967831
SC_Score,0.1984830151408302
BVC_Score,440.512394522271
BER_Score,0.3891109347300333
Final_Score,147.03332949071395
