Metric,Value
Moran Index,0.1590066778469244
Geary C,0.8390538801484927
Davies-Bouldin Index,3.3383993787271784
Silhouette Coefficient,0.0872380137443542
Calinski-Harabaz Index,1592.0094036199484
kBET,0.5933752244165171
KNN_connectivity,0.9600405833489084
bASW,0.4606573171913624
iLISI,0.4415017377513417
PCR,0.2199840278388786
SC_Score,0.1590066778469244
BVC_Score,531.8116803374734
BER_Score,0.5351117781094016
Final_Score,177.50193293114322
