Metric,Value
Moran Index,0.2762900541292568
Geary C,0.7361669077330486
Davies-Bouldin Index,1.540047898934506
Silhouette Coefficient,0.1881412863731384
Calinski-Harabaz Index,2212.1384203845573
kBET,0.5933752244165171
KNN_connectivity,0.9600405833489084
bASW,0.4606573171913624
iLISI,0.4415017377513417
PCR,0.2199840278388786
SC_Score,0.2762900541292568
BVC_Score,737.9555365232883
BER_Score,0.5351117781094016
Final_Score,246.25564611850896
