Metric,Value
Moran Index,0.3448407800101804
Geary C,0.6570732772087083
Davies-Bouldin Index,2.480897508897752
Silhouette Coefficient,0.0459562800824642
Calinski-Harabaz Index,516.4456238350404
kBET,0.7477361319340331
KNN_connectivity,0.9968166450578936
bASW,0.489783575758338
iLISI,0.7131750866648123
PCR,0.0266125039597705
SC_Score,0.3448407800101804
BVC_Score,172.99082587467353
BER_Score,0.5948247886749695
Final_Score,57.976830481119556
