Metric,Value
Moran Index,0.7823323536973917
Geary C,0.2178842220257283
ARI,0.057910944830855
NMI,0.1471552066457733
asw_celltype,0.5029909231234342
graph_clisi,0.8983495159527052
kBET,0.5448431343209137
KNN_connectivity,0.9883219055817168
bASW,0.4866922376677394
iLISI,0.457793947130367
PCR,0.1530000953749208
SC_Score,0.7823323536973917
BVC_Score,0.4016016476381919
BER_Score,0.5261302640151315
Final_Score,0.5700214217835717
