Metric,Value
Moran Index,0.228991224711965
Geary C,0.7864737413858628
ARI,0.1496780510142054
NMI,0.3131765014323058
asw_celltype,0.4424111619591713
graph_clisi,0.9748011093088816
kBET,0.25078673784771
KNN_connectivity,1.0
bASW,0.4335707202553749
iLISI,0.2503273836389549
PCR,0.0015454569357776
SC_Score,0.228991224711965
BVC_Score,0.470016705928641
BER_Score,0.3872460597355635
Final_Score,0.36208466345872314
