Metric,Value
Moran Index,0.2190011696893419
Geary C,0.7652512051647966
ARI,0.1049734740781672
NMI,0.246757902626986
asw_celltype,0.4424111619591713
graph_clisi,0.9748011093088816
kBET,0.25078673784771
KNN_connectivity,1.0
bASW,0.4335707202553749
iLISI,0.2503273836389549
PCR,0.0015454569357776
SC_Score,0.2190011696893419
BVC_Score,0.4422359119933015
BER_Score,0.3872460597355635
Final_Score,0.3494943804727357
