Metric,Value
Moran Index,0.5530140864155051
Geary C,0.4432625966799395
ARI,0.0538670133795247
NMI,0.1239426553630439
asw_celltype,0.5029909231234342
graph_clisi,0.8983495159527052
kBET,0.5448431343209137
KNN_connectivity,0.9883219055817168
bASW,0.4866922376677394
iLISI,0.457793947130367
PCR,0.1530000953749208
SC_Score,0.5530140864155051
BVC_Score,0.394787526954677
BER_Score,0.5261302640151315
Final_Score,0.49131062579510454
