Metric,Value
Moran Index,0.2409701084108062
Geary C,0.7711598300746696
ARI,0.0870865162202688
NMI,0.1945742790977062
asw_celltype,0.4000974148511886
graph_clisi,0.9473216513040962
kBET,0.2504804469273743
KNN_connectivity,1.0
bASW,0.4366862028837204
iLISI,0.2502226536197946
PCR,0.0005587567845902
SC_Score,0.2409701084108062
BVC_Score,0.4072699653683149
BER_Score,0.3875896120430959
Final_Score,0.34527656194073897
