Metric,Value
Moran Index,0.2654205488113302
Geary C,0.7352899176672584
ARI,0.1708170778282462
NMI,0.2771038642412028
asw_celltype,0.4639402776956558
graph_clisi,0.900989638889146
kBET,0.6515592576355399
KNN_connectivity,0.9889755028644536
bASW,0.4618567377328872
iLISI,0.6301670366322093
PCR,0.1411661551950898
SC_Score,0.2654205488113302
BVC_Score,0.4532127146635627
BER_Score,0.574744938012036
Final_Score,0.4311260671623096
