Metric,Value
Moran Index,0.1789278676998744
Geary C,0.8253495023861173
Davies-Bouldin Index,2.900230543403312
Silhouette Coefficient,0.0159212425351142
Calinski-Harabaz Index,402.4788936903129
kBET,0.7477361319340331
KNN_connectivity,0.9968166450578936
bASW,0.489783575758338
iLISI,0.7131750866648123
PCR,0.0266125039597705
SC_Score,0.1789278676998744
BVC_Score,135.13168182541713
BER_Score,0.5948247886749695
Final_Score,45.301811493930664
