Metric,Value
Moran Index,0.2385321908701158
Geary C,0.7526682872021223
Davies-Bouldin Index,1.4597367074740584
Silhouette Coefficient,0.167148157954216
Calinski-Harabaz Index,2262.0811026486867
kBET,0.2510220403853768
KNN_connectivity,0.9998658455134988
bASW,0.4437856189906597
iLISI,0.2504852399638478
PCR,0.0003959287967831
SC_Score,0.2385321908701158
BVC_Score,754.5693291713716
BER_Score,0.3891109347300333
Final_Score,251.7323240989906
