Metric,Value
Moran Index,0.8506614821757406
Geary C,0.1486638428527908
ARI,0.0721013998898722
NMI,0.1569681889123413
asw_celltype,0.4223303273320198
graph_clisi,0.5
kBET,0.7547428799441369
KNN_connectivity,0.8354073322562184
bASW,0.5033180790487677
iLISI,0.6415753318077917
PCR,0.49925197852586634
SC_Score,0.8506614821757406
BVC_Score,0.28784997903355836
BER_Score,0.6468591203165561
Final_Score,0.595123527175285
Scenario,without_second
Dataset_Short,HT
