Metric,Value
Moran Index,0.7817578664687287
Geary C,0.2181594898702049
ARI,0.08832770559358137
NMI,0.17401122005592265
asw_celltype,0.41866813600063324
graph_clisi,0.5
kBET,0.7401626016260162
KNN_connectivity,0.9216102276047412
bASW,0.5064920214936137
iLISI,0.6249271578156984
PCR,0.5699531554658226
SC_Score,0.7817578664687287
BVC_Score,0.2952517654125343
BER_Score,0.6726290328011784
Final_Score,0.5832128882274804
Scenario,without_rna
Dataset_Short,HT
