Metric,Value
Moran Index,0.7526225657839921
Geary C,0.24678472980490843
ARI,0.11299658676614038
NMI,0.20476242139959547
asw_celltype,0.4223303273320198
graph_clisi,0.5
kBET,0.7547428799441369
KNN_connectivity,0.8354073322562184
bASW,0.5033180790487677
iLISI,0.6415753318077917
PCR,0.49925197852586634
SC_Score,0.7526225657839921
BVC_Score,0.3100223338744389
BER_Score,0.6468591203165561
Final_Score,0.5698346733249957
Scenario,without_second
Dataset_Short,HT
