Metric,Value
Moran Index,0.7588619150632055
Geary C,0.24160206828084282
ARI,0.10692400484581159
NMI,0.1991157122590329
asw_celltype,0.41866813600063324
graph_clisi,0.5
kBET,0.7401626016260162
KNN_connectivity,0.9216102276047412
bASW,0.5064920214936137
iLISI,0.6249271578156984
PCR,0.5699531554658226
SC_Score,0.7588619150632055
BVC_Score,0.30617696327636945
BER_Score,0.6726290328011784
Final_Score,0.5792226370469178
Scenario,without_rna
Dataset_Short,HT
