Metric,Value
Moran Index,0.8797271159375288
Geary C,0.12024293317101434
ARI,0.10216849447531222
NMI,0.16124938546779088
asw_celltype,0.4223303273320198
graph_clisi,0.5
kBET,0.7547428799441369
KNN_connectivity,0.8354073322562184
bASW,0.5033180790487677
iLISI,0.6415753318077917
PCR,0.49925197852586634
SC_Score,0.8797271159375288
BVC_Score,0.2964370518187807
BER_Score,0.6468591203165561
Final_Score,0.6076744293576218
Scenario,without_second
Dataset_Short,HT
