Metric,Value
Moran Index,0.819432674926769
Geary C,0.1804321528568976
ARI,0.10109906166038611
NMI,0.17081396287839515
asw_celltype,0.41866813600063324
graph_clisi,0.5
kBET,0.7401626016260162
KNN_connectivity,0.9216102276047412
bASW,0.5064920214936137
iLISI,0.6249271578156984
PCR,0.5699531554658226
SC_Score,0.819432674926769
BVC_Score,0.29764529013485364
BER_Score,0.6726290328011784
Final_Score,0.5965689992876003
Scenario,without_rna
Dataset_Short,HT
