Metric,Value
Moran Index,0.7250883939604457
Geary C,0.2741390709238427
ARI,0.1435342647456698
NMI,0.2282961201463435
asw_celltype,0.4761175761274134
graph_clisi,0.9013412936674318
kBET,0.5687246246695594
KNN_connectivity,0.99250333969438
bASW,0.4915621284595771
iLISI,0.4743361008775449
PCR,0.2255721823595352
SC_Score,0.7250883939604457
BVC_Score,0.4373223136717146
BER_Score,0.5505396752121194
Final_Score,0.5709834609480933
