Metric,Value
Moran Index,0.8335047418407399
Geary C,0.1638999309928175
ARI,0.0872677248154157
NMI,0.1670643738491599
asw_celltype,0.4599971947345345
graph_clisi,0.8130307094667585
kBET,0.9461902674265676
KNN_connectivity,0.9802625552476698
bASW,0.4999403482862928
iLISI,0.9263312312413584
PCR,0.476837644308052
SC_Score,0.8335047418407399
BVC_Score,0.3818400007164672
BER_Score,0.7659124093019881
Final_Score,0.6604190506197317
