Metric,Value
Moran Index,0.1801425818737949
Geary C,0.8219489839011817
Davies-Bouldin Index,2.205170388637657
Silhouette Coefficient,0.0985148996569531
Calinski-Harabaz Index,1807.119039877443
kBET,0.6788105924596052
KNN_connectivity,0.8823143270707443
bASW,0.4974220155825835
iLISI,0.5078108358665308
PCR,0.4642615152065734
SC_Score,0.1801425818737949
BVC_Score,603.1409083885792
BER_Score,0.6061238572372074
Final_Score,201.30905827589675
