Metric,Value
Moran Index,0.9626238111919496
Geary C,0.0345845161094535
ARI,0.0497990081246581
NMI,0.1381645418483904
asw_celltype,0.4175932103764496
graph_clisi,0.8130134039225342
kBET,0.8790081483562799
KNN_connectivity,0.0929810671979876
bASW,0.5201084550538992
iLISI,0.7122155809287025
PCR,0.672803309766255
SC_Score,0.9626238111919496
BVC_Score,0.3546425410680081
BER_Score,0.5754233122606249
Final_Score,0.6308965548401942
