Metric,Value
Moran Index,0.902349799796514
Geary C,0.0979886938100828
ARI,0.0542577287527329
NMI,0.1196201425238373
asw_celltype,0.4761175761274134
graph_clisi,0.9013412936674318
kBET,0.5687246246695594
KNN_connectivity,0.99250333969438
bASW,0.4915621284595771
iLISI,0.4743361008775449
PCR,0.2255721823595352
SC_Score,0.902349799796514
BVC_Score,0.3878341852678538
BER_Score,0.5505396752121194
Final_Score,0.6135745534254957
