Metric,Value
Moran Index,0.2281403533042633
Geary C,0.7733258267424906
Davies-Bouldin Index,1.93819175387362
Silhouette Coefficient,0.1148101969685454
Calinski-Harabaz Index,1965.562613508867
kBET,0.6788105924596052
KNN_connectivity,0.8823143270707443
bASW,0.4974220155825835
iLISI,0.5078108358665308
PCR,0.4642615152065734
SC_Score,0.2281403533042633
BVC_Score,655.8718718199029
BER_Score,0.6061238572372074
Final_Score,218.9020453434815
