Metric,Value
Moran Index,0.7061489688505184
Geary C,0.2967463116571835
ARI,0.0864767487049431
NMI,0.1659739379107864
asw_celltype,0.4599971947345345
graph_clisi,0.8130307094667585
kBET,0.9461902674265676
KNN_connectivity,0.9802625552476698
bASW,0.4999403482862928
iLISI,0.9263312312413584
PCR,0.476837644308052
SC_Score,0.7061489688505184
BVC_Score,0.3813696477042556
BER_Score,0.7659124093019881
Final_Score,0.617810341952254
