Metric,Value
Moran Index,0.8741855309689731
Geary C,0.1282209729403554
ARI,0.0853468186135999
NMI,0.1673503110640543
asw_celltype,0.4599971947345345
graph_clisi,0.8130307094667585
kBET,0.9461902674265676
KNN_connectivity,0.9802625552476698
bASW,0.4999403482862928
iLISI,0.9263312312413584
PCR,0.476837644308052
SC_Score,0.8741855309689731
BVC_Score,0.3814312584697368
BER_Score,0.7659124093019881
Final_Score,0.6738430662468993
