Metric,Value
Moran Index,0.999398660976932
Geary C,0.002307366231124537
Davies-Bouldin Index,1.412521691540873
Silhouette Coefficient,-0.28511084142355814
Calinski-Harabaz Index,674.0416475731282
kBET,0.9255898112709516
KNN_connectivity,0.020394954644094406
bASW,0.5031824887698958
iLISI,0.7883775141462879
PCR,0.8913806789823855
SC_Score,0.999398660976932
BVC_Score,225.05635280774854
BER_Score,0.625785089562723
Final_Score,75.56051218609606
