Metric,Value
Moran Index,0.9977084208802472
Geary C,0.0031403055193252585
Davies-Bouldin Index,1.9225119612814383
Silhouette Coefficient,-0.03467458374003426
Calinski-Harabaz Index,105.20785438569015
kBET,0.9255898112709516
KNN_connectivity,0.020394954644094406
bASW,0.5031824887698958
iLISI,0.7883775141462879
PCR,0.8913806789823855
SC_Score,0.9977084208802472
BVC_Score,35.69856392107719
BER_Score,0.625785089562723
Final_Score,12.44068581050672
