Metric,Value
Moran Index,0.9913508104016363
Geary C,0.010232282892589263
Davies-Bouldin Index,3.074200854925477
Silhouette Coefficient,0.044635651407935045
Calinski-Harabaz Index,2733.1792420085067
kBET,0.9255898112709516
KNN_connectivity,0.020394954644094406
bASW,0.5031824887698958
iLISI,0.7883775141462879
PCR,0.8913806789823855
SC_Score,0.9913508104016363
BVC_Score,912.0993595049467
BER_Score,0.625785089562723
Final_Score,304.57216513497036
