Metric,Value
Moran Index,0.1172883066556808
Geary C,0.885045150654687
Davies-Bouldin Index,2.9021196359828503
Silhouette Coefficient,0.0598025642188028
Calinski-Harabaz Index,1343.5397421302682
kBET,0.6788105924596052
KNN_connectivity,0.8823143270707443
bASW,0.4974220155825835
iLISI,0.5078108358665308
PCR,0.4642615152065734
SC_Score,0.1172883066556808
BVC_Score,448.8338881101566
BER_Score,0.6061238572372074
Final_Score,149.85243342468314
