Metric,Value
Moran Index,0.9699117050314322
Geary C,0.0280734691197801
ARI,0.0879636517627092
NMI,0.2300907795092536
asw_celltype,0.4225835295174387
graph_clisi,0.8866707504765713
kBET,0.8802346368715086
KNN_connectivity,0.0735054589880578
bASW,0.5209439885665748
iLISI,0.7120061858395739
PCR,0.698046885470837
SC_Score,0.9699117050314322
BVC_Score,0.4068271778164932
BER_Score,0.5769474311473104
Final_Score,0.6512287713317453
