Metric,Value
Moran Index,0.7900713381235253
Geary C,0.2101273721297172
Davies-Bouldin Index,1.620148258809173
Silhouette Coefficient,0.1360839455032222
Calinski-Harabaz Index,1653.2320943217003
kBET,0.9218290854572716
KNN_connectivity,0.9809960969153476
bASW,0.4964467289404527
iLISI,0.9000013567876693
PCR,0.4124809019445924
SC_Score,0.7900713381235253
BVC_Score,551.662775508671
BER_Score,0.7423508340090667
Final_Score,184.39839922693452
