Metric,Value
Moran Index,0.9950420789923118
Geary C,0.005406331474431303
Davies-Bouldin Index,1.9459797122959996
Silhouette Coefficient,0.11737988514138285
Calinski-Harabaz Index,4450.7523073246275
kBET,0.9255898112709516
KNN_connectivity,0.020394954644094406
bASW,0.5031824887698958
iLISI,0.7883775141462879
PCR,0.8913806789823855
SC_Score,0.9950420789923118
BVC_Score,1484.2718889740217
BER_Score,0.625785089562723
Final_Score,495.2975720475256
