Metric,Value
Moran Index,0.9257977763367156
Geary C,0.0709232007678951
ARI,0.0811572009660236
NMI,0.1796562935580286
asw_celltype,0.4225835295174387
graph_clisi,0.8866707504765713
kBET,0.8802346368715086
KNN_connectivity,0.0735054589880578
bASW,0.5209439885665748
iLISI,0.7120061858395739
PCR,0.698046885470837
SC_Score,0.9257977763367156
BVC_Score,0.3925169436295155
BER_Score,0.5769474311473104
Final_Score,0.6317540503711805
