Metric,Value
Moran Index,0.7435939643679065
Geary C,0.2526381888487894
ARI,0.09308625606641
NMI,0.1805564643898491
asw_celltype,0.4761175761274134
graph_clisi,0.9013412936674318
kBET,0.5687246246695594
KNN_connectivity,0.99250333969438
bASW,0.4915621284595771
iLISI,0.4743361008775449
PCR,0.2255721823595352
SC_Score,0.7435939643679065
BVC_Score,0.412775397562776
BER_Score,0.5505396752121194
Final_Score,0.5689696790476007
