Metric,Value
Moran Index,0.8379463271956538
Geary C,0.1623831235598239
Davies-Bouldin Index,1.3968640401532793
Silhouette Coefficient,0.142227053068153
Calinski-Harabaz Index,1733.6127889240977
kBET,0.9218290854572716
KNN_connectivity,0.9809960969153476
bASW,0.4964467289404527
iLISI,0.9000013567876693
PCR,0.4124809019445924
SC_Score,0.8379463271956538
BVC_Score,578.383960005773
BER_Score,0.7423508340090667
Final_Score,193.32141905565925
