Metric,Value
Moran Index,0.9569899428997034
Geary C,0.038715077916466
ARI,0.0484431525074139
NMI,0.1441172944944915
asw_celltype,0.4175932103764496
graph_clisi,0.8130134039225342
kBET,0.8790081483562799
KNN_connectivity,0.0929810671979876
bASW,0.5201084550538992
iLISI,0.7122155809287025
PCR,0.672803309766255
SC_Score,0.9569899428997034
BVC_Score,0.3557917653252223
BER_Score,0.5754233122606249
Final_Score,0.6294016734951835
