Metric,Value
Moran Index,0.0940273592531698
Geary C,0.9072790392028902
Davies-Bouldin Index,2.0647466078174603
Silhouette Coefficient,0.1154036663104841
Calinski-Harabaz Index,2148.349652463367
kBET,0.6788105924596052
KNN_connectivity,0.8823143270707443
bASW,0.4974220155825835
iLISI,0.5078108358665308
PCR,0.4642615152065734
SC_Score,0.0940273592531698
BVC_Score,716.843267579165
BER_Score,0.6061238572372074
Final_Score,239.18113959855177
