Metric,Value
Moran Index,0.9581316512546636
Geary C,0.0416221655892196
ARI,0.1078271080191574
NMI,0.2411814318464019
asw_celltype,0.4225835295174387
graph_clisi,0.8866707504765713
kBET,0.8802346368715086
KNN_connectivity,0.0735054589880578
bASW,0.5209439885665748
iLISI,0.7120061858395739
PCR,0.698046885470837
SC_Score,0.9581316512546636
BVC_Score,0.4145657049648923
BER_Score,0.5769474311473104
Final_Score,0.6498815957889554
