Metric,Value
Moran Index,0.8918375006446714
Geary C,0.1026587421063271
Davies-Bouldin Index,2.167913440980405
Silhouette Coefficient,0.0356022302102828
Calinski-Harabaz Index,779.0147317994198
kBET,0.9218290854572716
KNN_connectivity,0.9809960969153476
bASW,0.4964467289404527
iLISI,0.9000013567876693
PCR,0.4124809019445924
SC_Score,0.8918375006446714
BVC_Score,260.40608249020346
BER_Score,0.7423508340090667
Final_Score,87.34675694161906
