Metric,Value
Moran Index,0.8888217884382024
Geary C,0.1103815061419006
ARI,0.0764706250503319
NMI,0.1826108039077777
asw_celltype,0.4599971947345345
graph_clisi,0.8130307094667585
kBET,0.9461902674265676
KNN_connectivity,0.9802625552476698
bASW,0.4999403482862928
iLISI,0.9263312312413584
PCR,0.476837644308052
SC_Score,0.8888217884382024
BVC_Score,0.3830273332898506
BER_Score,0.7659124093019881
Final_Score,0.6792538436766803
