Metric,Value
Moran Index,0.7844008432149937
Geary C,0.2105633047864481
Davies-Bouldin Index,1.3935197572655376
Silhouette Coefficient,0.2197661219821098
Calinski-Harabaz Index,2131.332353904582
kBET,0.9218290854572716
KNN_connectivity,0.9809960969153476
bASW,0.4964467289404527
iLISI,0.9000013567876693
PCR,0.4124809019445924
SC_Score,0.7844008432149937
BVC_Score,710.9818799279432
BER_Score,0.7423508340090667
Final_Score,237.50287720172238
