Metric,Value
Moran Index,0.581517082884728
Geary C,0.41165228605840964
Davies-Bouldin Index,1.22450223202285
Silhouette Coefficient,0.25006890296936035
Calinski-Harabaz Index,6211.81084436687
SC_Score,0.581517082884728
BVC_Score,2071.0951385006206
Total_Score,1035.8383277917526
