Metric,Value
Moran Index,0.3603971598221345
Geary C,0.6586592004632914
Davies-Bouldin Index,1.1083551139580945
Silhouette Coefficient,0.30718591809272766
Calinski-Harabaz Index,7311.374390492854
SC_Score,0.3603971598221345
BVC_Score,2437.596643841635
Total_Score,1218.9785205007286
