Metric,Value
Moran Index,0.38505789537581875
Geary C,0.6182951617414394
Davies-Bouldin Index,1.1995907170262208
Silhouette Coefficient,0.1611778736114502
Calinski-Harabaz Index,3718.9569831281383
SC_Score,0.38505789537581875
BVC_Score,1240.105917239592
Total_Score,620.2454875674839
