Metric,Value
Moran Index,0.5536476739113516
Geary C,0.4437804579962471
Davies-Bouldin Index,1.1896964719362741
Silhouette Coefficient,0.20443634688854218
Calinski-Harabaz Index,4216.866283513725
SC_Score,0.5536476739113516
BVC_Score,1406.0868054441833
Total_Score,703.3202265590473
