Metric,Value
Moran Index,0.43342918868698477
Geary C,0.5346347958034446
Davies-Bouldin Index,1.1376216247795365
Silhouette Coefficient,0.23170749843120575
Calinski-Harabaz Index,5988.433676477286
SC_Score,0.43342918868698477
BVC_Score,1996.6010018668323
Total_Score,998.5172155277596
