Metric,Value
Moran Index,0.36430078690393136
Geary C,0.6223513228261449
Davies-Bouldin Index,1.4515501465403768
Silhouette Coefficient,0.1673462986946106
Calinski-Harabaz Index,3907.4766529902026
SC_Score,0.36430078690393136
BVC_Score,1303.0318498118124
Total_Score,651.6980752993582
