Metric,Value
Moran Index,0.41389791576489227
Geary C,0.5571490053800217
Davies-Bouldin Index,1.1357288432335753
Silhouette Coefficient,0.32306772470474243
Calinski-Harabaz Index,7430.824824316929
SC_Score,0.41389791576489227
BVC_Score,2477.427873628289
Total_Score,1238.920885772027
