Metric,Value
Moran Index,0.39757561204168096
Geary C,0.5694659143264839
Davies-Bouldin Index,1.3385826113373416
Silhouette Coefficient,0.20848403871059418
Calinski-Harabaz Index,4149.591338454795
SC_Score,0.39757561204168096
BVC_Score,1383.7128017016141
Total_Score,692.0551886568279
