Metric,Value
Moran Index,0.22203096030313152
Geary C,0.7631959231969905
Davies-Bouldin Index,1.1218573520854358
Silhouette Coefficient,0.2973253130912781
Calinski-Harabaz Index,6754.002474418102
SC_Score,0.22203096030313152
BVC_Score,2251.8072190277594
Total_Score,1126.0146249940312
