Metric,Value
Moran Index,0.5315619177623901
Geary C,0.4510473022032206
Davies-Bouldin Index,1.1318020675355474
Silhouette Coefficient,0.2429244965314865
Calinski-Harabaz Index,4445.464814082553
SC_Score,0.5315619177623901
BVC_Score,1482.2798468822066
Total_Score,741.4057043999845
