Metric,Value
Moran Index,0.5684987432743837
Geary C,0.42515631863326725
Davies-Bouldin Index,1.23632729425392
Silhouette Coefficient,0.21755507588386536
Calinski-Harabaz Index,5909.497858715205
SC_Score,0.5684987432743837
BVC_Score,1970.3172470284478
Total_Score,985.4428728858611
