Metric,Value
Moran Index,0.3201380737032518
Geary C,0.6298655783175695
Davies-Bouldin Index,1.1569981601923667
Silhouette Coefficient,0.3038659989833832
Calinski-Harabaz Index,6821.685949663689
SC_Score,0.3201380737032518
BVC_Score,2274.382271274288
Total_Score,1137.3512046739957
