Metric,Value
Moran Index,0.2974305208133731
Geary C,0.6384118435531873
Davies-Bouldin Index,1.10774659703065
Silhouette Coefficient,0.29178711771965027
Calinski-Harabaz Index,6203.731768990946
SC_Score,0.2974305208133731
BVC_Score,2068.3771009018988
Total_Score,1034.3372657113562
