Metric,Value
Moran Index,0.5450401595439337
Geary C,0.44662334729605807
Davies-Bouldin Index,0.9440045920777211
Silhouette Coefficient,0.350738525390625
Calinski-Harabaz Index,5873.985755795057
SC_Score,0.5450401595439337
BVC_Score,1958.4268329708418
Total_Score,979.4859365651929
