Metric,Value
Moran Index,0.5181040705451649
Geary C,0.45805402956898256
Davies-Bouldin Index,1.5236443251739789
Silhouette Coefficient,0.25130000710487366
Calinski-Harabaz Index,2749.177860409815
SC_Score,0.5181040705451649
BVC_Score,916.9842682473645
Total_Score,458.75118615895485
