Metric,Value
Moran Index,0.3021242461716291
Geary C,0.6755048062036288
Davies-Bouldin Index,1.3043632710912094
Silhouette Coefficient,0.22494889795780182
Calinski-Harabaz Index,5802.897731894427
SC_Score,0.3021242461716291
BVC_Score,1934.8090146878255
Total_Score,967.5555694669986
