Metric,Value
Moran Index,0.4551547923396433
Geary C,0.5404324346770993
Davies-Bouldin Index,2.3750202747271283
Silhouette Coefficient,0.09513457864522934
Calinski-Harabaz Index,586.7923703057564
SC_Score,0.4551547923396433
BVC_Score,196.4208417197096
Total_Score,98.43799825602463
