Metric,Value
Moran Index,0.5211039496975018
Geary C,0.48403769215153725
Davies-Bouldin Index,2.3533592022473293
Silhouette Coefficient,0.10711213946342468
Calinski-Harabaz Index,467.63861255688767
SC_Score,0.5211039496975018
BVC_Score,156.69969463286614
Total_Score,78.61039929128182
