Metric,Value
Moran Index,0.6008249614650217
Geary C,0.3976971976106334
Davies-Bouldin Index,2.421187442156694
Silhouette Coefficient,0.10519325733184814
Calinski-Harabaz Index,537.8019463784613
SC_Score,0.6008249614650217
BVC_Score,180.1094423593166
Total_Score,90.3551336603908
