Metric,Value
Moran Index,0.44403204433166943
Geary C,0.5511439149660913
Davies-Bouldin Index,2.433225863750376
Silhouette Coefficient,0.0956929475069046
Calinski-Harabaz Index,403.55139508185806
SC_Score,0.44403204433166943
BVC_Score,135.36010463103844
Total_Score,67.90206833768505
