Metric,Value
Moran Index,0.5855444478794921
Geary C,0.4088094840083157
Davies-Bouldin Index,2.157627338415717
Silhouette Coefficient,0.12333615124225616
Calinski-Harabaz Index,416.2614043777177
SC_Score,0.5855444478794921
BVC_Score,139.51412262245856
Total_Score,70.04983353516903
