Metric,Value
Moran Index,0.506783066385278
Geary C,0.4884912378632597
Davies-Bouldin Index,2.313628245203197
Silhouette Coefficient,0.1057833582162857
Calinski-Harabaz Index,552.5418541050867
SC_Score,0.506783066385278
BVC_Score,184.98708856950205
Total_Score,92.74693581794367
