Metric,Value
Moran Index,0.4133536029287368
Geary C,0.5892184544880477
Davies-Bouldin Index,2.9245279326932025
Silhouette Coefficient,0.017428938299417496
Calinski-Harabaz Index,252.79189951438383
SC_Score,0.4133536029287368
BVC_Score,85.24461879512548
Total_Score,42.828986199027106
