Metric,Value
Moran Index,0.5763297975557
Geary C,0.4164223160534609
Davies-Bouldin Index,2.093946896383506
Silhouette Coefficient,0.1253191977739334
Calinski-Harabaz Index,375.0397628878675
SC_Score,0.5763297975557
BVC_Score,125.75300966067498
Total_Score,63.16466972911534
