Metric,Value
Moran Index,0.5940437582044903
Geary C,0.4014771466079587
Davies-Bouldin Index,2.1053094499694645
Silhouette Coefficient,0.12265189737081528
Calinski-Harabaz Index,395.503846198002
SC_Score,0.5940437582044903
BVC_Score,132.57726918178076
Total_Score,66.58565646999263
