Metric,Value
Moran Index,0.3683812567794305
Geary C,0.6261639561863259
Davies-Bouldin Index,3.172387596270709
Silhouette Coefficient,0.003432485507801175
Calinski-Harabaz Index,267.311248102183
SC_Score,0.3683812567794305
BVC_Score,90.16235606132051
Total_Score,45.26536865904997
