Metric,Value
Moran Index,0.45065337349243506
Geary C,0.5498922384726532
Davies-Bouldin Index,2.305863765644884
Silhouette Coefficient,0.10947487503290176
Calinski-Harabaz Index,469.4125468278225
SC_Score,0.45065337349243506
BVC_Score,157.2759618228334
Total_Score,78.86330759816292
