Metric,Value
Moran Index,0.4256594183255003
Geary C,0.5682240724986974
Davies-Bouldin Index,1.9231824676889213
Silhouette Coefficient,0.11563929170370102
Calinski-Harabaz Index,357.85341647181457
SC_Score,0.4256594183255003
BVC_Score,119.9640794104024
Total_Score,60.19486941436395
