Metric,Value
Moran Index,0.522353608743111
Geary C,0.4724237326342122
Davies-Bouldin Index,1.94374205781894
Silhouette Coefficient,0.11591926217079163
Calinski-Harabaz Index,418.2104511564973
SC_Score,0.522353608743111
BVC_Score,140.09003749216234
Total_Score,70.30619555045273
