Metric,Value
Moran Index,0.4372579947359053
Geary C,0.5675489121475716
Davies-Bouldin Index,2.830126934731417
Silhouette Coefficient,0.013697324320673943
Calinski-Harabaz Index,351.314520910113
SC_Score,0.4372579947359053
BVC_Score,118.05278172305503
Total_Score,59.24501985889547
