Metric,Value
Moran Index,0.48196986672032294
Geary C,0.5172150884975607
Davies-Bouldin Index,2.354446596305081
Silhouette Coefficient,0.09131113439798355
Calinski-Harabaz Index,429.6629222138579
SC_Score,0.48196986672032294
BVC_Score,144.03622664818698
Total_Score,72.25909825745366
