Metric,Value
Moran Index,0.22620596733711842
Geary C,0.7790307872358155
Davies-Bouldin Index,4.048914429801144
Silhouette Coefficient,0.0019272108329460025
Calinski-Harabaz Index,119.26141381180724
SC_Score,0.22620596733711842
BVC_Score,41.10408515081378
Total_Score,20.665145559075448
