Metric,Value
Moran Index,0.4716650497616531
Geary C,0.5267080010218952
Davies-Bouldin Index,2.9168644550226612
Silhouette Coefficient,0.046951960772275925
Calinski-Harabaz Index,215.04125523051593
SC_Score,0.4716650497616531
BVC_Score,72.66835721543696
Total_Score,36.570011132599305
