Metric,Value
Moran Index,0.43841974219375957
Geary C,0.5653147674698601
Davies-Bouldin Index,2.217513605793583
Silhouette Coefficient,0.07297427952289581
Calinski-Harabaz Index,254.59857848442198
SC_Score,0.43841974219375957
BVC_Score,85.6296887899128
Total_Score,43.03405426605328
