Metric,Value
Moran Index,0.3295616077627471
Geary C,0.6646208501495853
Davies-Bouldin Index,2.4903420138987857
Silhouette Coefficient,0.046401575207710266
Calinski-Harabaz Index,234.10186579216008
SC_Score,0.3295616077627471
BVC_Score,78.87953646042219
Total_Score,39.604549034092464
