Metric,Value
Moran Index,0.21155420505578718
Geary C,0.7911472132466554
Davies-Bouldin Index,2.7408625317868713
Silhouette Coefficient,0.012822989374399185
Calinski-Harabaz Index,217.09426061830655
SC_Score,0.21155420505578718
BVC_Score,73.28264871315594
Total_Score,36.74710145910586
