Metric,Value
Moran Index,0.3391981962140009
Geary C,0.658919527629619
Davies-Bouldin Index,2.6815002598403432
Silhouette Coefficient,0.021210825070738792
Calinski-Harabaz Index,218.59279423656338
SC_Score,0.3391981962140009
BVC_Score,73.76516844049148
Total_Score,37.05218331835274
