Metric,Value
Moran Index,0.520559522211357
Geary C,0.4801555863493379
Davies-Bouldin Index,2.9159671057039604
Silhouette Coefficient,0.01628860831260681
Calinski-Harabaz Index,203.5892574281533
SC_Score,0.520559522211357
BVC_Score,68.84050438072329
Total_Score,34.68053195146732
