Metric,Value
Moran Index,0.29479296922152387
Geary C,0.7080349387431858
Davies-Bouldin Index,3.4161684598473423
Silhouette Coefficient,0.038694873452186584
Calinski-Harabaz Index,175.98912872276577
SC_Score,0.29479296922152387
BVC_Score,59.81466401868843
Total_Score,30.05472849395498
