Metric,Value
Moran Index,0.6162285349511604
Geary C,0.3756340131773911
Davies-Bouldin Index,2.8033332117157492
Silhouette Coefficient,0.021662911400198936
Calinski-Harabaz Index,175.84164569523412
SC_Score,0.6162285349511604
BVC_Score,59.55554727278335
Total_Score,30.085887903867256
