Metric,Value
Moran Index,0.927996893446021
Geary C,0.07148902693332015
Davies-Bouldin Index,0.7002618199658006
Silhouette Coefficient,0.5262163877487183
Calinski-Harabaz Index,4020.2446004426906
SC_Score,0.927996893446021
BVC_Score,1340.490359550135
Total_Score,670.7091782217906
