Metric,Value
Moran Index,0.9748504010247565
Geary C,0.02583974673625728
Davies-Bouldin Index,0.9585350355274421
Silhouette Coefficient,0.38127654790878296
Calinski-Harabaz Index,2669.104965243759
SC_Score,0.9748504010247565
BVC_Score,890.1482589423985
Total_Score,445.56155467171163
