Metric,Value
Moran Index,0.923552868291642
Geary C,0.07563404721257973
Davies-Bouldin Index,0.7523414538949372
Silhouette Coefficient,0.5068724751472473
Calinski-Harabaz Index,4076.634533963043
SC_Score,0.923552868291642
BVC_Score,1359.2979159640283
Total_Score,680.11073441616
