Metric,Value
Moran Index,0.966963625830093
Geary C,0.03349202601642698
Davies-Bouldin Index,0.7523806707450859
Silhouette Coefficient,0.41501539945602417
Calinski-Harabaz Index,2712.9724195217987
SC_Score,0.966963625830093
BVC_Score,904.7132718639999
Total_Score,452.840117744915
