Metric,Value
Moran Index,0.9631888306431547
Geary C,0.03673731123264718
Davies-Bouldin Index,0.9790831067738817
Silhouette Coefficient,0.36386850476264954
Calinski-Harabaz Index,3086.9298731276745
SC_Score,0.9631888306431547
BVC_Score,1029.4242749130703
Total_Score,515.1937318718567
