Metric,Value
Moran Index,0.9543993905806595
Geary C,0.04434830829525157
Davies-Bouldin Index,1.0081903003483892
Silhouette Coefficient,0.3310258388519287
Calinski-Harabaz Index,2804.254973161665
SC_Score,0.9543993905806595
BVC_Score,935.1980631002884
Total_Score,468.07623124543454
