Method,Dataset,Slice,Modality,GT,Clustering,Runtime,Status,Moran_I,ARI,NMI,cASW,cLISI,SC_Score,BioC_Score
MultiGATE,Human_Lymph_Nodes,A1,RNA_ADT,True,leiden,26844.7,OK,1.004515164352464,0.05978489216025015,0.20202779771819313,0.3403826206922531,0.8688234227791166,1.004515164352464,0.36775468333745326
MultiGATE,Human_Lymph_Nodes,A1,RNA_ADT,True,louvain,26844.7,OK,1.004515164352464,0.06001620071024,0.20452211659869143,0.3403826206922531,0.8688234227791166,1.004515164352464,0.3684360901950753
MultiGATE,Human_Lymph_Nodes,A1,RNA_ADT,True,kmeans,26844.7,OK,1.004515164352464,0.05541872941280184,0.14354894224504114,0.3403826206922531,0.8688234227791166,1.004515164352464,0.3520434287823032
MultiGATE,Human_Lymph_Nodes,A1,RNA_ADT,True,mclust,26844.7,OK,1.004515164352464,0.08458458700015864,0.1520290154248591,0.3403826206922531,0.8688234227791166,1.004515164352464,0.36145491147409686
