Metric,Value
Moran Index,0.4885865521479449
Geary C,0.5111937125699266
Davies-Bouldin Index,3.5611615697521626
Silhouette Coefficient,0.026970505714416504
Calinski-Harabaz Index,1145.6140107005895
SC_Score,0.4885865521479449
BVC_Score,383.067380925352
Total_Score,191.77798373874995
