Metric,Value
Moran Index,0.6644591827682188
Geary C,0.3364275673450406
Davies-Bouldin Index,2.9089663602906297
Silhouette Coefficient,0.04059389606118202
Calinski-Harabaz Index,1300.087757251017
SC_Score,0.6644591827682188
BVC_Score,434.3457725024562
Total_Score,217.5051158426122
