Metric,Value
Moran Index,0.6846381408731047
Geary C,0.3176846851020676
Davies-Bouldin Index,3.5177413590703615
Silhouette Coefficient,0.03383129462599754
Calinski-Harabaz Index,1168.2682780797807
SC_Score,0.6846381408731047
BVC_Score,390.60661691115905
Total_Score,195.64562752601609
