Metric,Value
Moran Index,0.7028036234606916
Geary C,0.298837638372528
Davies-Bouldin Index,3.3358229888999196
Silhouette Coefficient,-0.02574015222489834
Calinski-Harabaz Index,839.870667608499
SC_Score,0.7028036234606916
BVC_Score,281.0602501483914
Total_Score,140.88152688592604
