Metric,Value
Moran Index,0.6938028884837705
Geary C,0.3052968826550807
Davies-Bouldin Index,3.581162304642038
Silhouette Coefficient,0.06507151573896408
Calinski-Harabaz Index,1330.1166955546294
SC_Score,0.6938028884837705
BVC_Score,444.58764312500347
Total_Score,222.64072300674363
