Metric,Value
Moran Index,0.6800134808067866
Geary C,0.32074175148228673
Davies-Bouldin Index,3.813759784019167
Silhouette Coefficient,-0.0044293892569839954
Calinski-Harabaz Index,895.7014311325904
SC_Score,0.6800134808067866
BVC_Score,299.83692050911753
Total_Score,150.25846699496216
