Metric,Value
Moran Index,0.6902090399203215
Geary C,0.30992127883811277
Davies-Bouldin Index,3.3064683364927676
Silhouette Coefficient,-0.029373345896601677
Calinski-Harabaz Index,914.6753308487106
SC_Score,0.6902090399203215
BVC_Score,305.9841419464356
Total_Score,153.33717549317797
