Metric,Value
Moran Index,0.7873366184507795
Geary C,0.2142007493173969
Davies-Bouldin Index,2.764782029882581
Silhouette Coefficient,-0.0012771597830578685
Calinski-Harabaz Index,951.3533041815214
SC_Score,0.7873366184507795
BVC_Score,318.03893635054027
Total_Score,159.4131364844955
