N,mean_time,std_time,min_time,max_time
500,1.2005426747103531,0.0900588872881415,1.084110226482153,1.3034636918455362
1000,2.7700881430258355,0.0697327863531325,2.6845055297017097,2.8553141579031944
2500,10.776058819765845,0.3644542071167797,10.45713297650218,11.286171186715364
5000,34.83302035431067,0.052516532909166275,34.786464143544436,34.906412018463016
10000,160.73337452920774,24.301726303057112,126.82318367250264,182.52944806218147
