Metric,Value
Moran Index,0.6732457703935094
Geary C,0.32307490115696647
Davies-Bouldin Index,1.6751913629690836
Silhouette Coefficient,0.10788718611001968
Calinski-Harabaz Index,942.806536977013
SC_Score,0.6732457703935094
BVC_Score,314.86320517536404
Total_Score,157.76822547287878
