Metric,Value
Moran Index,0.7935441100696531
Geary C,0.20532024024456633
Davies-Bouldin Index,1.899369750221103
Silhouette Coefficient,0.11276508122682571
Calinski-Harabaz Index,807.7976538653114
SC_Score,0.7935441100696531
BVC_Score,269.9365962322531
Total_Score,135.3650701711614
