Metric,Value
Moran Index,0.7563382777665577
Geary C,0.24211330982849916
Davies-Bouldin Index,1.561652613677887
Silhouette Coefficient,0.2034653127193451
Calinski-Harabaz Index,778.4141189159957
SC_Score,0.7563382777665577
BVC_Score,260.059745614131
Total_Score,130.40804194594875
