Metric,Value
Moran Index,0.8600349019797426
Geary C,0.14239421093337043
Davies-Bouldin Index,1.6892555250354704
Silhouette Coefficient,0.187459796667099
Calinski-Harabaz Index,885.7005276640003
SC_Score,0.8600349019797426
BVC_Score,295.8590809952343
Total_Score,148.35955794860703
