Metric,Value
Moran Index,0.8512088259184668
Geary C,0.15016964753734327
Davies-Bouldin Index,1.941684154904575
Silhouette Coefficient,0.1623283177614212
Calinski-Harabaz Index,674.1510990215363
SC_Score,0.8512088259184668
BVC_Score,225.41837049806745
Total_Score,113.13478966199295
