Metric,Value
Moran Index,0.8492610321417535
Geary C,0.1528993285553562
Davies-Bouldin Index,1.933533464995329
Silhouette Coefficient,0.0549449697136879
Calinski-Harabaz Index,543.6086409424705
SC_Score,0.8492610321417535
BVC_Score,181.86570645905985
Total_Score,91.3574837456008
