Metric,Value
Moran Index,0.7982573452988693
Geary C,0.20073115646206746
Davies-Bouldin Index,2.098790659431798
Silhouette Coefficient,0.11540726572275162
Calinski-Harabaz Index,624.9133399529399
SC_Score,0.7982573452988693
BVC_Score,209.04251262603145
Total_Score,104.92038498566517
