Metric,Value
Moran Index,0.876986526103334
Geary C,0.12463453258836335
Davies-Bouldin Index,1.6058651672253919
Silhouette Coefficient,0.16965122520923615
Calinski-Harabaz Index,1058.1615548419823
SC_Score,0.876986526103334
BVC_Score,353.312357078139
Total_Score,177.09467180212116
