Metric,Value
Moran Index,0.7828433627616393
Geary C,0.21453646586587646
Davies-Bouldin Index,1.5132222093069516
Silhouette Coefficient,0.23271651566028595
Calinski-Harabaz Index,919.1065573753293
SC_Score,0.7828433627616393
BVC_Score,306.95083203343216
Total_Score,153.8668376980969
