Metric,Value
Moran Index,0.8525495727987591
Geary C,0.1503074446035588
Davies-Bouldin Index,1.7910058408574079
Silhouette Coefficient,0.19521459937095642
Calinski-Harabaz Index,853.4729132543089
SC_Score,0.8525495727987591
BVC_Score,285.15304456484574
Total_Score,143.00279706882225
