Metric,Value
Moran Index,0.7401379966061118
Geary C,0.26131313407320494
Davies-Bouldin Index,1.8613497299691102
Silhouette Coefficient,0.15281696617603302
Calinski-Harabaz Index,725.0874071174148
SC_Score,0.7401379966061118
BVC_Score,242.36719127118667
Total_Score,121.55366463389639
