Metric,Value
Moran Index,0.7600552604632392
Geary C,0.24111541558870306
Davies-Bouldin Index,1.6732339481356513
Silhouette Coefficient,0.20267371833324432
Calinski-Harabaz Index,1103.8320087540842
SC_Score,0.7600552604632392
BVC_Score,368.5693054735177
Total_Score,184.66468036699047
