Metric,Value
Moran Index,0.7428148964217115
Geary C,0.25690108206988066
Davies-Bouldin Index,1.7714426671503634
Silhouette Coefficient,0.17477716505527496
Calinski-Harabaz Index,872.8209100308418
SC_Score,0.7428148964217115
BVC_Score,291.5890432876825
Total_Score,146.1659290920521
