Metric,Value
Moran Index,0.8427734708068674
Geary C,0.1574910610362186
Davies-Bouldin Index,1.8337533154201562
Silhouette Coefficient,0.18874339759349823
Calinski-Harabaz Index,706.3662463273264
SC_Score,0.8427734708068674
BVC_Score,236.12958101344668
Total_Score,118.48617724212677
