Metric,Value
Moran Index,0.7199415957163245
Geary C,0.28057139357085276
Davies-Bouldin Index,1.4861837172797552
Silhouette Coefficient,0.25842922925949097
Calinski-Harabaz Index,1358.6391505469817
SC_Score,0.7199415957163245
BVC_Score,453.46125449784034
Total_Score,227.09059804677833
