Metric,Value
Moran Index,0.7865124217076224
Geary C,0.21376139087586274
Davies-Bouldin Index,1.5833155944515012
Silhouette Coefficient,0.14091737568378448
Calinski-Harabaz Index,1113.719443105556
SC_Score,0.7865124217076224
BVC_Score,371.81455869189705
Total_Score,186.30053555680234
