Metric,Value
Moran Index,0.2767353836153488
Geary C,0.722444925640905
Davies-Bouldin Index,3.9429539459033363
Silhouette Coefficient,0.0293667484074831
Calinski-Harabaz Index,158.50358665833085
SC_Score,0.2767353836153488
BVC_Score,54.158635784213885
Total_Score,27.217685583914616
