Metric,Value
Moran Index,0.3482081842944434
Geary C,0.6535315910631745
Davies-Bouldin Index,3.0246275080640443
Silhouette Coefficient,0.06340505927801132
Calinski-Harabaz Index,210.1936414639053
SC_Score,0.3482081842944434
BVC_Score,71.09389134374912
Total_Score,35.721049764021785
