Metric,Value
Moran Index,0.46954626831348706
Geary C,0.530200602921297
Davies-Bouldin Index,2.8135909522372105
Silhouette Coefficient,0.0806431919336319
Calinski-Harabaz Index,239.59384679634434
SC_Score,0.46954626831348706
BVC_Score,80.82936031350506
Total_Score,40.64945329090928
