Metric,Value
Moran Index,0.4791577483436691
Geary C,0.5193700628997231
Davies-Bouldin Index,2.823031045283892
Silhouette Coefficient,0.07596447318792343
Calinski-Harabaz Index,237.00518118528495
SC_Score,0.4791577483436691
BVC_Score,79.96805890125226
Total_Score,40.223608324797965
