Metric,Value
Moran Index,0.21092996933320043
Geary C,0.7929063225492408
Davies-Bouldin Index,3.6036442865407468
Silhouette Coefficient,0.0579824224114418
Calinski-Harabaz Index,190.78931723013102
SC_Score,0.21092996933320043
BVC_Score,64.81698131302774
Total_Score,32.513955641180466
