Metric,Value
Moran Index,0.3553085422865696
Geary C,0.6457777088594547
Davies-Bouldin Index,2.89104071690974
Silhouette Coefficient,0.08154167979955673
Calinski-Harabaz Index,249.42412345004874
SC_Score,0.3553085422865696
BVC_Score,84.13223528225268
Total_Score,42.24377191226962
