Metric,Value
Moran Index,0.4152564351303179
Geary C,0.5796077740363967
Davies-Bouldin Index,2.9444421755368593
Silhouette Coefficient,0.05789284408092499
Calinski-Harabaz Index,195.6396086407672
SC_Score,0.4152564351303179
BVC_Score,66.21398122012833
Total_Score,33.314618827629324
