Metric,Value
Moran Index,0.3856259190077819
Geary C,0.6123204694332732
Davies-Bouldin Index,2.426332945854993
Silhouette Coefficient,0.007959555834531784
Calinski-Harabaz Index,563.6969334685526
SC_Score,0.3856259190077819
BVC_Score,188.71040865674738
Total_Score,94.54801728787758
