Metric,Value
Moran Index,0.34673596786665056
Geary C,0.6534765785125262
Davies-Bouldin Index,1.7310870841637969
Silhouette Coefficient,0.1821424812078476
Calinski-Harabaz Index,1040.1252068998197
SC_Score,0.34673596786665056
BVC_Score,347.3461454883971
Total_Score,173.84644072813188
