Metric,Value
Moran Index,0.37510180023650486
Geary C,0.6267725328257033
Davies-Bouldin Index,1.8751658333264467
Silhouette Coefficient,0.046276479959487915
Calinski-Harabaz Index,475.9492371295562
SC_Score,0.37510180023650486
BVC_Score,159.29022648094738
Total_Score,79.83266414059194
