Metric,Value
Moran Index,0.5809846852238015
Geary C,0.41900207926146354
Davies-Bouldin Index,1.7508195156498612
Silhouette Coefficient,0.15622451901435852
Calinski-Harabaz Index,957.1931777198339
SC_Score,0.5809846852238015
BVC_Score,319.700073918166
Total_Score,160.14052930169493
