Metric,Value
Moran Index,0.4779617533997852
Geary C,0.5235626080055716
Davies-Bouldin Index,2.0164144814524456
Silhouette Coefficient,0.13054968416690826
Calinski-Harabaz Index,929.4587372879814
SC_Score,0.4779617533997852
BVC_Score,310.5352338178669
Total_Score,155.50659778563335
