Metric,Value
Moran Index,0.38558374617284125
Geary C,0.6129948170439077
Davies-Bouldin Index,2.044249635709641
Silhouette Coefficient,0.12787070870399475
Calinski-Harabaz Index,964.7185519183771
SC_Score,0.38558374617284125
BVC_Score,322.2968907542636
Total_Score,161.3412372502182
