Metric,Value
Moran Index,0.30523802605464595
Geary C,0.694205380047752
Davies-Bouldin Index,2.0239309783331914
Silhouette Coefficient,0.1139666736125946
Calinski-Harabaz Index,855.3240667280603
SC_Score,0.30523802605464595
BVC_Score,285.82065479333534
Total_Score,143.062946409695
