Metric,Value
Moran Index,0.350736028983476
Geary C,0.6477259259917489
Davies-Bouldin Index,2.0020901215935965
Silhouette Coefficient,0.13604916632175446
Calinski-Harabaz Index,950.535244955095
SC_Score,0.350736028983476
BVC_Score,317.55779474767013
Total_Score,158.9542653883268
