Metric,Value
Moran Index,0.6566939095766391
Geary C,0.344218067185446
Davies-Bouldin Index,1.8176461840423204
Silhouette Coefficient,0.15580886602401733
Calinski-Harabaz Index,956.9975454103223
SC_Score,0.6566939095766391
BVC_Score,319.6570001534629
Total_Score,160.15684703151976
