Metric,Value
Moran Index,0.573754301463815
Geary C,0.42944305949612116
Davies-Bouldin Index,1.6428460912559384
Silhouette Coefficient,-0.02810865268111229
Calinski-Harabaz Index,546.7615549584245
SC_Score,0.573754301463815
BVC_Score,182.79209746566644
Total_Score,91.68292588356513
