Metric,Value
Moran Index,0.45400201854342437
Geary C,0.5443465041120625
Davies-Bouldin Index,1.8670423610875753
Silhouette Coefficient,0.12371756136417389
Calinski-Harabaz Index,1080.017179246105
SC_Score,0.45400201854342437
BVC_Score,360.66931305618556
Total_Score,180.56165753736448
