Metric,Value
Moran Index,0.4799952681386667
Geary C,0.5179771676531095
Davies-Bouldin Index,1.7389882430448707
Silhouette Coefficient,0.15261611342430115
Calinski-Harabaz Index,1076.0840483955158
SC_Score,0.4799952681386667
BVC_Score,359.32521758399497
Total_Score,179.90260642606682
