Metric,Value
Moran Index,0.3433369512388131
Geary C,0.6564012364690676
Davies-Bouldin Index,1.829149143507917
Silhouette Coefficient,0.1703859120607376
Calinski-Harabaz Index,1154.8908175241716
SC_Score,0.3433369512388131
BVC_Score,385.6301175265801
Total_Score,192.98672723890945
