Metric,Value
Moran Index,0.3776691176032765
Geary C,0.6220583733379134
Davies-Bouldin Index,1.9249286205127067
Silhouette Coefficient,0.15791504085063934
Calinski-Harabaz Index,1044.349930926114
SC_Score,0.3776691176032765
BVC_Score,348.8109248624924
Total_Score,174.59429699004784
