Metric,Value
Moran Index,0.4281856189002695
Geary C,0.5736208211379663
Davies-Bouldin Index,2.1519641019804543
Silhouette Coefficient,0.08162622898817062
Calinski-Harabaz Index,846.7607282556605
SC_Score,0.4281856189002695
BVC_Score,282.998106195543
Total_Score,141.71314590722164
