Metric,Value
Moran Index,0.4913363879107065
Geary C,0.5098151036381763
Davies-Bouldin Index,2.3435671247084677
Silhouette Coefficient,0.1193089708685875
Calinski-Harabaz Index,732.4226671890414
SC_Score,0.4913363879107065
BVC_Score,244.96184776153947
Total_Score,122.72659207472509
