Metric,Value
Moran Index,0.6215245137975166
Geary C,0.38265022075887684
Davies-Bouldin Index,1.1099597396904601
Silhouette Coefficient,0.2687055766582489
Calinski-Harabaz Index,3493.1941483368714
SC_Score,0.6215245137975166
BVC_Score,1164.8576045510733
Total_Score,582.7395645324355
