Metric,Value
Moran Index,0.4831241572114173
Geary C,0.5146314809401398
Davies-Bouldin Index,1.149563512061431
Silhouette Coefficient,0.28066742420196533
Calinski-Harabaz Index,3444.765898177609
SC_Score,0.4831241572114173
BVC_Score,1148.7320430379575
Total_Score,574.6075835975845
