Metric,Value
Moran Index,0.5513317767563428
Geary C,0.4509151022774344
Davies-Bouldin Index,1.1128934514709228
Silhouette Coefficient,0.2756621837615967
Calinski-Harabaz Index,3402.0783569602067
SC_Score,0.5513317767563428
BVC_Score,1134.4889708651465
Total_Score,567.5201513209514
