Metric,Value
Moran Index,0.6874362409090939
Geary C,0.315658173175551
Davies-Bouldin Index,1.0115339876785094
Silhouette Coefficient,0.3088374733924866
Calinski-Harabaz Index,3890.3148824974737
SC_Score,0.6874362409090939
BVC_Score,1297.2117513195149
Total_Score,648.949593780212
