Metric,Value
Moran Index,0.7400379747953053
Geary C,0.2608657533924004
Davies-Bouldin Index,1.674738717454241
Silhouette Coefficient,0.1685009002685547
Calinski-Harabaz Index,1723.649164511484
SC_Score,0.7400379747953053
BVC_Score,575.1641347097355
Total_Score,287.95208634226543
