Metric,Value
Moran Index,0.3835704394292392
Geary C,0.6132955852934882
Davies-Bouldin Index,0.9961392750645253
Silhouette Coefficient,0.31071433424949646
Calinski-Harabaz Index,3783.4603651265797
SC_Score,0.3835704394292392
BVC_Score,1261.5890729119646
Total_Score,630.9863216756969
