Metric,Value
Moran Index,0.4581869936750424
Geary C,0.5397127417249937
Davies-Bouldin Index,1.0735789115463616
Silhouette Coefficient,0.28752848505973816
Calinski-Harabaz Index,3718.1807043629306
SC_Score,0.4581869936750424
BVC_Score,1239.8472705865122
Total_Score,620.1527287900936
