Metric,Value
Moran Index,0.5493784556854795
Geary C,0.44811099606377847
Davies-Bouldin Index,1.7318006797443979
Silhouette Coefficient,0.18566246330738068
Calinski-Harabaz Index,1954.082439180424
SC_Score,0.5493784556854795
BVC_Score,651.9999674411586
Total_Score,326.274672948422
