Metric,Value
Moran Index,0.1957633349592164
Geary C,0.8030954731453522
Davies-Bouldin Index,3.3688641330295273
Silhouette Coefficient,0.030268507858220974
Calinski-Harabaz Index,217.93264571278917
SC_Score,0.1957633349592164
BVC_Score,73.77725945122565
Total_Score,36.98651139309243
