Metric,Value
Moran Index,0.217416889956464
Geary C,0.7809467309613103
Davies-Bouldin Index,3.1257470637936717
Silhouette Coefficient,0.015433326610758554
Calinski-Harabaz Index,156.18908129585662
SC_Score,0.217416889956464
BVC_Score,53.110087228753684
Total_Score,26.663752059355073
