Metric,Value
Moran Index,0.1489123453136376
Geary C,0.8525474608925837
Davies-Bouldin Index,3.0105675839186867
Silhouette Coefficient,0.04549783224883665
Calinski-Harabaz Index,250.94763420823517
SC_Score,0.1489123453136376
BVC_Score,84.6678998748009
Total_Score,42.408406110057264
