Metric,Value
Moran Index,0.19092783739277916
Geary C,0.8074379824625547
Davies-Bouldin Index,2.9697044698468793
Silhouette Coefficient,0.04160834675254338
Calinski-Harabaz Index,242.8581090090367
SC_Score,0.19092783739277916
BVC_Score,81.95647394187871
Total_Score,41.073700889635745
