Metric,Value
Moran Index,0.3451539245442341
Geary C,0.6516677000049584
Davies-Bouldin Index,3.1036842819956316
Silhouette Coefficient,0.0027054538042315186
Calinski-Harabaz Index,142.27894919459553
SC_Score,0.3451539245442341
BVC_Score,48.46177964346513
Total_Score,24.40346678400468
