Metric,Value
Moran Index,0.24620134174831992
Geary C,0.7538138318396319
Davies-Bouldin Index,3.6168458621307544
Silhouette Coefficient,0.01809179742697437
Calinski-Harabaz Index,181.78021337278807
SC_Score,0.24620134174831992
BVC_Score,61.805050344115266
Total_Score,31.02562584293179
