Metric,Value
Moran Index,0.20965290559569302
Geary C,0.7894902179042574
Davies-Bouldin Index,2.90257262777897
Silhouette Coefficient,0.04932874602029459
Calinski-Harabaz Index,265.61246179551136
SC_Score,0.20965290559569302
BVC_Score,89.52145438977021
Total_Score,44.86555364768295
