Metric,Value
Moran Index,0.15940823081628894
Geary C,0.8400096275962182
Davies-Bouldin Index,3.0517288339627164
Silhouette Coefficient,0.04645611068560757
Calinski-Harabaz Index,239.63069832253333
SC_Score,0.15940823081628894
BVC_Score,80.90962775572721
Total_Score,40.53451799327175
