Metric,Value
Moran Index,0.2074481474431642
Geary C,0.7946471063291576
Davies-Bouldin Index,3.193164915325369
Silhouette Coefficient,0.04072001118379186
Calinski-Harabaz Index,231.21858376513347
SC_Score,0.2074481474431642
BVC_Score,78.15082289721421
Total_Score,39.179135522328686
