Metric,Value
Moran Index,0.29390929599362303
Geary C,0.7052747739874753
Davies-Bouldin Index,2.8575119668315474
Silhouette Coefficient,0.04065450629246446
Calinski-Harabaz Index,230.5142048783791
SC_Score,0.29390929599362303
BVC_Score,77.80412378383437
Total_Score,39.049016539914
