Metric,Value
Moran Index,0.16516917226253833
Geary C,0.8314083257295583
Davies-Bouldin Index,3.173454011867845
Silhouette Coefficient,0.035935318636366224
Calinski-Harabaz Index,228.0248498300729
SC_Score,0.16516917226253833
BVC_Score,77.07807972019238
Total_Score,38.62162444622746
