Metric,Value
Moran Index,0.304905838062369
Geary C,0.6953548511807994
Davies-Bouldin Index,2.72959767370258
Silhouette Coefficient,0.05575171267760222
Calinski-Harabaz Index,263.9539724504358
SC_Score,0.304905838062369
BVC_Score,88.91310727893865
Total_Score,44.60900655850051
