Metric,Value
Moran Index,0.16549790458715605
Geary C,0.8325334813559587
Davies-Bouldin Index,3.092652077900431
Silhouette Coefficient,0.038301435702526136
Calinski-Harabaz Index,220.69841052017102
SC_Score,0.16549790458715605
BVC_Score,74.60978801125799
Total_Score,37.38764295792257
