Metric,Value
Moran Index,0.27533220856431345
Geary C,0.7246269074201228
Davies-Bouldin Index,3.0136617547911273
Silhouette Coefficient,0.03876616603559248
Calinski-Harabaz Index,219.04721708074075
SC_Score,0.27533220856431345
BVC_Score,74.03321500052249
Total_Score,37.1542736045434
