Metric,Value
Moran Index,0.13309183298006386
Geary C,0.8652025795342689
Davies-Bouldin Index,3.3563024911434036
Silhouette Coefficient,0.03020077146429022
Calinski-Harabaz Index,202.17973111346
SC_Score,0.13309183298006386
BVC_Score,68.5220781253559
Total_Score,34.32758497916798
