Metric,Value
Moran Index,0.22977935385205472
Geary C,0.7708705067171139
Davies-Bouldin Index,3.4289000790414264
Silhouette Coefficient,0.03476717979368629
Calinski-Harabaz Index,190.92622752159917
SC_Score,0.22977935385205472
BVC_Score,64.7966315934781
Total_Score,32.513205473665074
