Metric,Value
Moran Index,0.6644591827682188
Geary C,0.3364275673450406
Davies-Bouldin Index,1.92435150237983
Silhouette Coefficient,0.14483025670051575
Calinski-Harabaz Index,1217.7794716695867
SC_Score,0.6644591827682188
BVC_Score,406.6162178095556
Total_Score,203.64033849616192
