Metric,Value
Moran Index,0.6846381408731047
Geary C,0.3176846851020676
Davies-Bouldin Index,2.272513067387142
Silhouette Coefficient,0.1283053755760193
Calinski-Harabaz Index,1053.8422678833392
SC_Score,0.6846381408731047
BVC_Score,352.0810287754341
Total_Score,176.3828334581536
