Metric,Value
Moran Index,0.619479978541002
Geary C,0.38003519505082395
Davies-Bouldin Index,2.1438507182033986
Silhouette Coefficient,0.10241588205099106
Calinski-Harabaz Index,1089.5999561952465
SC_Score,0.619479978541002
BVC_Score,363.9487409318336
Total_Score,182.2841104551873
