Metric,Value
Moran Index,0.7028036234606916
Geary C,0.298837638372528
Davies-Bouldin Index,2.5055383958923865
Silhouette Coefficient,0.11393649876117706
Calinski-Harabaz Index,629.0352064670778
SC_Score,0.7028036234606916
BVC_Score,210.55156045391047
Total_Score,105.62718203868558
