Metric,Value
Moran Index,0.7873366184507795
Geary C,0.2142007493173969
Davies-Bouldin Index,1.9350497313622026
Silhouette Coefficient,0.1532038152217865
Calinski-Harabaz Index,716.8305246972446
SC_Score,0.7873366184507795
BVC_Score,239.63959274794288
Total_Score,120.21346468319683
