Metric,Value
Moran Index,0.6938028884837705
Geary C,0.3052968826550807
Davies-Bouldin Index,1.9730595512813665
Silhouette Coefficient,0.15061970055103302
Calinski-Harabaz Index,1196.5657788233543
SC_Score,0.6938028884837705
BVC_Score,399.5631526917289
Total_Score,200.12847779010633
