Metric,Value
Moran Index,0.5804727156280458
Geary C,0.4188149269649641
Davies-Bouldin Index,1.5744211036257845
Silhouette Coefficient,0.21424642205238342
Calinski-Harabaz Index,1726.6106007669293
SC_Score,0.5804727156280458
BVC_Score,576.1330894308692
Total_Score,288.3567810732486
