Metric,Value
Moran Index,0.45262692098169244
Geary C,0.5486513882990091
Davies-Bouldin Index,2.0485551491470333
Silhouette Coefficient,0.12258459627628326
Calinski-Harabaz Index,1185.2677225869631
SC_Score,0.45262692098169244
BVC_Score,395.8129541107955
Total_Score,198.1327905158886
