Metric,Value
Moran Index,0.5888762625426125
Geary C,0.41072832308659263
Davies-Bouldin Index,2.594404961786365
Silhouette Coefficient,0.09295601397752762
Calinski-Harabaz Index,931.5295670436766
SC_Score,0.5888762625426125
BVC_Score,311.4056426731468
Total_Score,155.9972594678447
