Metric,Value
Moran Index,0.7633890005669857
Geary C,0.2369525358734912
Davies-Bouldin Index,1.6986261832582643
Silhouette Coefficient,0.16379691660404205
Calinski-Harabaz Index,1577.2942148359766
SC_Score,0.7633890005669857
BVC_Score,526.385545978613
Total_Score,263.57446748959
