Metric,Value
Moran Index,0.6514076213800165
Geary C,0.3470589977665386
Davies-Bouldin Index,2.209061541675974
Silhouette Coefficient,0.0905829593539238
Calinski-Harabaz Index,1117.698452263914
SC_Score,0.6514076213800165
BVC_Score,373.332698921648
Total_Score,186.992053271514
