Metric,Value
Moran Index,0.6800134808067866
Geary C,0.32074175148228673
Davies-Bouldin Index,2.154818185792804
Silhouette Coefficient,0.14822132885456085
Calinski-Harabaz Index,775.4877283106317
SC_Score,0.6800134808067866
BVC_Score,259.263589275093
Total_Score,129.9718013779499
