Metric,Value
Moran Index,0.8188870854963938
Geary C,0.18086417287187054
Davies-Bouldin Index,1.8992170241394395
Silhouette Coefficient,0.15499156713485718
Calinski-Harabaz Index,1350.991817276163
SC_Score,0.8188870854963938
BVC_Score,451.0153419558124
Total_Score,225.9171145206544
