Metric,Value
Moran Index,0.7690734541822973
Geary C,0.23053744278056723
Davies-Bouldin Index,1.5102170442985419
Silhouette Coefficient,0.19742123782634735
Calinski-Harabaz Index,1551.7792315042107
SC_Score,0.7690734541822973
BVC_Score,517.8289565954452
Total_Score,259.29901502481374
