Metric,Value
Moran Index,0.6902090399203215
Geary C,0.30992127883811277
Davies-Bouldin Index,1.9748788233334846
Silhouette Coefficient,0.14221858978271484
Calinski-Harabaz Index,729.5847482702527
SC_Score,0.6902090399203215
BVC_Score,243.90061522778964
Total_Score,122.29541213385498
