Metric,Value
Moran Index,0.4885865521479449
Geary C,0.5111937125699266
Davies-Bouldin Index,1.8303451512184314
Silhouette Coefficient,0.16310164332389832
Calinski-Harabaz Index,1324.3753852036186
SC_Score,0.4885865521479449
BVC_Score,442.12294399938696
Total_Score,221.30576527576744
