Metric,Value
Moran Index,0.4652112644197353
Geary C,0.5299912946246196
Davies-Bouldin Index,1.5553199362335255
Silhouette Coefficient,0.18469494581222534
Calinski-Harabaz Index,618.5515062996352
SC_Score,0.4652112644197353
BVC_Score,206.76384039389367
Total_Score,103.6145258291567
