Metric,Value
Moran Index,0.4509091811168152
Geary C,0.5479254262589012
Davies-Bouldin Index,1.6090853395224727
Silhouette Coefficient,0.16216234862804413
Calinski-Harabaz Index,555.4223400105205
SC_Score,0.4509091811168152
BVC_Score,185.73119589955704
Total_Score,93.09105254033693
