Metric,Value
Moran Index,0.6255001065040565
Geary C,0.3755911518830738
Davies-Bouldin Index,1.5939105950960393
Silhouette Coefficient,0.20078833401203156
Calinski-Harabaz Index,637.2169753473199
SC_Score,0.6255001065040565
BVC_Score,213.003891425476
Total_Score,106.81469576599004
