Metric,Value
Moran Index,0.3538721267522523
Geary C,0.6438105873593586
Davies-Bouldin Index,2.8835762505289235
Silhouette Coefficient,0.03350183740258217
Calinski-Harabaz Index,251.92510635163597
SC_Score,0.3538721267522523
BVC_Score,84.94739481318916
Total_Score,42.65063346997071
