Metric,Value
Moran Index,0.5255684259124427
Geary C,0.4702822491798207
Davies-Bouldin Index,1.7615829253432629
Silhouette Coefficient,0.16116544604301453
Calinski-Harabaz Index,530.525660679393
SC_Score,0.5255684259124427
BVC_Score,177.48280301692645
Total_Score,89.00418572141945
