Metric,Value
Moran Index,0.5128782878400423
Geary C,0.4869472415833683
Davies-Bouldin Index,1.5371258895339355
Silhouette Coefficient,0.2105952948331833
Calinski-Harabaz Index,689.3177536188027
SC_Score,0.5128782878400423
BVC_Score,230.35515826772328
Total_Score,115.43401827778166
