Metric,Value
Moran Index,0.5496288121246975
Geary C,0.4523608910820638
Davies-Bouldin Index,3.8765012783089134
Silhouette Coefficient,0.04557929188013077
Calinski-Harabaz Index,251.01075535119585
SC_Score,0.5496288121246975
BVC_Score,84.97761197379496
Total_Score,42.76362039295983
