Metric,Value
Moran Index,0.34300460374816866
Geary C,0.6574100823993018
Davies-Bouldin Index,1.6446360844669907
Silhouette Coefficient,0.1949852555990219
Calinski-Harabaz Index,627.5748238112214
SC_Score,0.34300460374816866
BVC_Score,209.80481505042917
Total_Score,105.07390982708867
