Metric,Value
Moran Index,0.7544924147176646
Geary C,0.2427410015414661
Davies-Bouldin Index,1.968795372231834
Silhouette Coefficient,0.1292704194784164
Calinski-Harabaz Index,750.2912646706286
kBET,0.8944827586206898
KNN_connectivity,0.965704647676162
bASW,0.4992075913469307
iLISI,0.862106277178153
PCR,0.4323494133216484
SC_Score,0.7544924147176646
BVC_Score,250.79644348744628
BER_Score,0.7307701376287168
Final_Score,84.09390201326423
