Metric,Value
Moran Index,0.7616018417965986
Geary C,0.2327183552489704
Davies-Bouldin Index,1.6425500825100223
Silhouette Coefficient,0.1169242560863494
Calinski-Harabaz Index,803.7512798306972
kBET,0.8944827586206898
KNN_connectivity,0.965704647676162
bASW,0.4992075913469307
iLISI,0.862106277178153
PCR,0.4323494133216484
SC_Score,0.7616018417965986
BVC_Score,268.50358472309784
BER_Score,0.7307701376287168
Final_Score,89.9986522341744
