Metric,Value
Moran Index,0.7945617017767949
Geary C,0.2011855479011551
ARI,0.0338238214999112
NMI,0.1000658513699472
asw_celltype,0.4360331445932388
graph_clisi,0.7610940056913748
kBET,0.8581933127282946
KNN_connectivity,0.0235997738921139
bASW,0.5088085914030671
iLISI,0.6795144598517985
PCR,0.7423445488369602
SC_Score,0.7945617017767949
BVC_Score,0.332754205788618
BER_Score,0.5624921373424469
Final_Score,0.56326934830262
