Metric,Value
Moran Index,0.8754092074232921
Geary C,0.1216506816987846
Davies-Bouldin Index,1.7453743262403905
Silhouette Coefficient,0.1250118762254715
Calinski-Harabaz Index,13108.95570907766
kBET,0.8832617130790553
KNN_connectivity,0.0146492373054873
bASW,0.5014651922974735
iLISI,0.7172422734522431
PCR,0.8676514206981251
SC_Score,0.8754092074232921
BVC_Score,4370.275365093376
BER_Score,0.5968539673664769
Final_Score,1457.249209422722
