Metric,Value
Moran Index,0.8418630378036009
Geary C,0.1574874080939283
Davies-Bouldin Index,1.9948419869076437
Silhouette Coefficient,0.1130052208900451
Calinski-Harabaz Index,4421.645795364687
kBET,0.6876436265709157
KNN_connectivity,0.5040394973070018
bASW,0.5115078575909138
iLISI,0.5021583436526276
PCR,0.5203087664098442
SC_Score,0.8418630378036009
BVC_Score,1474.5845475241615
BER_Score,0.5451316183062606
Final_Score,491.99051406009045
