Metric,Value
Moran Index,0.7828309139576463
Geary C,0.2111462870934262
Davies-Bouldin Index,1.6972977712814852
Silhouette Coefficient,0.1114478036761283
Calinski-Harabaz Index,784.1723038883547
kBET,0.8944827586206898
KNN_connectivity,0.965704647676162
bASW,0.4992075913469307
iLISI,0.862106277178153
PCR,0.4323494133216484
SC_Score,0.7828309139576463
BVC_Score,261.9936831544374
BER_Score,0.7307701376287168
Final_Score,87.83576140200792
