Metric,Value
Moran Index,0.762423258612938
Geary C,0.2388271673857392
Davies-Bouldin Index,1.4179135478838014
Silhouette Coefficient,0.249180868268013
Calinski-Harabaz Index,8089.201094167892
kBET,0.6876436265709157
KNN_connectivity,0.5040394973070018
bASW,0.5115078575909138
iLISI,0.5021583436526276
PCR,0.5203087664098442
SC_Score,0.762423258612938
BVC_Score,2696.956062861348
BER_Score,0.5451316183062606
Final_Score,899.4212059127558
