Metric,Value
Moran Index,0.9036876748103828
Geary C,0.0968370464456787
ARI,0.0931296259884185
NMI,0.2125391187154733
asw_celltype,0.400302805006504
graph_clisi,0.877991294403415
kBET,0.8497318435754191
KNN_connectivity,0.0297486033519553
bASW,0.5102255595847964
iLISI,0.6673237887828752
PCR,0.7259821495145833
SC_Score,0.9036876748103828
BVC_Score,0.3959907110284527
BER_Score,0.5566023889619258
Final_Score,0.6187602582669204
