Metric,Value
Moran Index,0.9715481862737384
Geary C,0.0274318848181641
ARI,0.1551763302013803
NMI,0.1926861039740062
asw_celltype,0.400302805006504
graph_clisi,0.877991294403415
kBET,0.8497318435754191
KNN_connectivity,0.0297486033519553
bASW,0.5102255595847964
iLISI,0.6673237887828752
PCR,0.7259821495145833
SC_Score,0.9715481862737384
BVC_Score,0.4065391333963263
BER_Score,0.5566023889619258
Final_Score,0.6448965695439969
