Metric,Value
Moran Index,0.7851596770509525
Geary C,0.2077114589742024
ARI,0.0870063104522013
NMI,0.1673741929320978
asw_celltype,0.4493212588131428
graph_clisi,0.8006584139428466
kBET,0.9120765746017832
KNN_connectivity,0.9504590633948432
bASW,0.4999421754982904
iLISI,0.8820927419968088
PCR,0.4774221832529591
SC_Score,0.7851596770509525
BVC_Score,0.3760900440350721
BER_Score,0.744398547748937
Final_Score,0.6352160896116539
