Metric,Value
Moran Index,0.9767772677920592
Geary C,0.0228713288711078
ARI,0.0289924808704092
NMI,0.0749701277900714
asw_celltype,0.4310252740979194
graph_clisi,0.856431881305007
kBET,0.4403152276921541
KNN_connectivity,0.986157875046764
bASW,0.4158700928092003
iLISI,0.3936349157234459
PCR,0.1057911551179056
SC_Score,0.9767772677920592
BVC_Score,0.3478549410158518
BER_Score,0.468353853277894
Final_Score,0.5976620206952683
