Metric,Value
Moran Index,0.5069777999622062
Geary C,0.4961298635393342
ARI,0.013004388214581
NMI,0.0372901634341592
asw_celltype,0.4360331445932388
graph_clisi,0.7610940056913748
kBET,0.8581933127282946
KNN_connectivity,0.0235997738921139
bASW,0.5088085914030671
iLISI,0.6795144598517985
PCR,0.7423445488369602
SC_Score,0.5069777999622062
BVC_Score,0.3118554254833384
BER_Score,0.5624921373424469
Final_Score,0.4604417875959972
