Metric,Value
Moran Index,0.7757149002876151
Geary C,0.2225989920843839
Davies-Bouldin Index,1.3966137583596183
Silhouette Coefficient,0.2586579918861389
Calinski-Harabaz Index,6865.497497858107
kBET,0.6876436265709157
KNN_connectivity,0.5040394973070018
bASW,0.5115078575909138
iLISI,0.5021583436526276
PCR,0.5203087664098442
SC_Score,0.7757149002876151
BVC_Score,2289.050923202784
BER_Score,0.5451316183062606
Final_Score,763.4572565737926
