Metric,Value
Moran Index,0.8052001895260537
Geary C,0.1946055892613243
Davies-Bouldin Index,1.291845934163882
Silhouette Coefficient,0.2083988189697265
Calinski-Harabaz Index,21402.431697979293
kBET,0.8832617130790553
KNN_connectivity,0.0146492373054873
bASW,0.5014651922974735
iLISI,0.7172422734522431
PCR,0.8676514206981251
SC_Score,0.8052001895260537
BVC_Score,7134.643980910809
BER_Score,0.5968539673664769
Final_Score,2378.6820116892336
