Metric,Value
Moran Index,0.7806107329012026
Geary C,0.2148722313210793
ARI,0.0799132165922237
NMI,0.1447323311818267
asw_celltype,0.4493212588131428
graph_clisi,0.8006584139428466
kBET,0.9120765746017832
KNN_connectivity,0.9504590633948432
bASW,0.4999421754982904
iLISI,0.8820927419968088
PCR,0.4774221832529591
SC_Score,0.7806107329012026
BVC_Score,0.3686563051325099
BER_Score,0.744398547748937
Final_Score,0.6312218619275499
