Metric,Value
Moran Index,0.7518107995688439
Geary C,0.2390657146669813
Davies-Bouldin Index,1.635269883226964
Silhouette Coefficient,0.189816415309906
Calinski-Harabaz Index,1027.5449361853705
kBET,0.8944827586206898
KNN_connectivity,0.965704647676162
bASW,0.4992075913469307
iLISI,0.862106277178153
PCR,0.4323494133216484
SC_Score,0.7518107995688439
BVC_Score,343.1233408279691
BER_Score,0.7307701376287168
Final_Score,114.86864058838889
