Metric,Value
Moran Index,0.8403732130168443
Geary C,0.1555861111396928
ARI,0.1128780528025744
NMI,0.2291986813090174
asw_celltype,0.400302805006504
graph_clisi,0.877991294403415
kBET,0.8497318435754191
KNN_connectivity,0.0297486033519553
bASW,0.5102255595847964
iLISI,0.6673237887828752
PCR,0.7259821495145833
SC_Score,0.8403732130168443
BVC_Score,0.4050927083803777
BER_Score,0.5566023889619258
Final_Score,0.6006894367863825
