Metric,Value
Moran Index,0.7309553711806863
Geary C,0.2698252580134756
ARI,0.1014914471572128
NMI,0.2104147754743152
asw_celltype,0.400302805006504
graph_clisi,0.877991294403415
kBET,0.8497318435754191
KNN_connectivity,0.0297486033519553
bASW,0.5102255595847964
iLISI,0.6673237887828752
PCR,0.7259821495145833
SC_Score,0.7309553711806863
BVC_Score,0.3975500805103617
BER_Score,0.5566023889619258
Final_Score,0.5617026135509913
