Metric,Value
Moran Index,0.3237753649344251
Geary C,0.6719550520666159
Davies-Bouldin Index,1.0177118505493234
Silhouette Coefficient,0.3357768058776855
Calinski-Harabaz Index,11355.738649633611
kBET,0.6876436265709157
KNN_connectivity,0.5040394973070018
bASW,0.5115078575909138
iLISI,0.5021583436526276
PCR,0.5203087664098442
SC_Score,0.3237753649344251
BVC_Score,3785.697379430013
BER_Score,0.5451316183062606
Final_Score,1262.1887621377512
