Metric,Value
Moran Index,0.8504591606640047
Geary C,0.1515927464494385
ARI,0.0665548234054431
NMI,0.1493519862552846
asw_celltype,0.4493212588131428
graph_clisi,0.8006584139428466
kBET,0.9120765746017832
KNN_connectivity,0.9504590633948432
bASW,0.4999421754982904
iLISI,0.8820927419968088
PCR,0.4774221832529591
SC_Score,0.8504591606640047
BVC_Score,0.3664716206041792
BER_Score,0.744398547748937
Final_Score,0.653776443005707
