Metric,Value
Moran Index,0.90408881164784
Geary C,0.0953824581221813
ARI,0.0300308523859835
NMI,0.0692103623315714
asw_celltype,0.4310252740979194
graph_clisi,0.856431881305007
kBET,0.4403152276921541
KNN_connectivity,0.986157875046764
bASW,0.4158700928092003
iLISI,0.3936349157234459
PCR,0.1057911551179056
SC_Score,0.90408881164784
BVC_Score,0.3466745925301203
BER_Score,0.468353853277894
Final_Score,0.5730390858186181
