Metric,Value
Moran Index,0.7751626191166858
Geary C,0.2249334662139936
ARI,0.0008764485285232
NMI,0.0326456697887842
asw_celltype,0.4310252740979194
graph_clisi,0.856431881305007
kBET,0.4403152276921541
KNN_connectivity,0.986157875046764
bASW,0.4158700928092003
iLISI,0.3936349157234459
PCR,0.1057911551179056
SC_Score,0.7751626191166858
BVC_Score,0.3302448184300585
BER_Score,0.468353853277894
Final_Score,0.524587096941546
