Metric,Value
Moran Index,0.8487535154462195
Geary C,0.1504270203931489
Davies-Bouldin Index,1.27705023180555
Silhouette Coefficient,0.2186782956123352
Calinski-Harabaz Index,20762.66001203606
kBET,0.8832617130790553
KNN_connectivity,0.0146492373054873
bASW,0.5014651922974735
iLISI,0.7172422734522431
PCR,0.8676514206981251
SC_Score,0.8487535154462195
BVC_Score,6921.385246854493
BER_Score,0.5968539673664769
Final_Score,2307.610284779102
