Metric,Value
Moran Index,0.6125119370723037
Geary C,0.3855772631044324
ARI,0.0289237652454404
NMI,0.0666735650655387
asw_celltype,0.4360331445932388
graph_clisi,0.7610940056913748
kBET,0.8581933127282946
KNN_connectivity,0.0235997738921139
bASW,0.5088085914030671
iLISI,0.6795144598517985
PCR,0.7423445488369602
SC_Score,0.6125119370723037
BVC_Score,0.3231811201488981
BER_Score,0.5624921373424469
Final_Score,0.49939506485454954
