Metric,Value
Moran Index,0.7987520852504719
Geary C,0.2008574601203481
Davies-Bouldin Index,1.006075919777064
Silhouette Coefficient,0.3441937267780304
Calinski-Harabaz Index,34113.99560701743
kBET,0.8832617130790553
KNN_connectivity,0.0146492373054873
bASW,0.5014651922974735
iLISI,0.7172422734522431
PCR,0.8676514206981251
SC_Score,0.7987520852504719
BVC_Score,11371.781958887996
BER_Score,0.5968539673664769
Final_Score,3791.059188313538
