Metric,Value
Moran Index,0.8799330553413821
Geary C,0.120167346435356
ARI,0.0301258404008595
NMI,0.0820968798517369
asw_celltype,0.4310252740979194
graph_clisi,0.856431881305007
kBET,0.4403152276921541
KNN_connectivity,0.986157875046764
bASW,0.4158700928092003
iLISI,0.3936349157234459
PCR,0.1057911551179056
SC_Score,0.8799330553413821
BVC_Score,0.3499199689138807
BER_Score,0.468353853277894
Final_Score,0.5660689591777189
