Metric,Value
Moran Index,0.6075680847367795
Geary C,0.3936159762124863
ARI,0.1460465352926792
NMI,0.2450818465585386
asw_celltype,0.4657861962914467
graph_clisi,0.9926853767475804
kBET,0.2517344480657503
KNN_connectivity,1.0
bASW,0.40787308663129807
iLISI,0.2507678524670414
PCR,0.0004250496061861
SC_Score,0.6075680847367795
BVC_Score,0.4623999887225613
BER_Score,0.38216008735405516
Final_Score,0.48404272027113193
