Metric,Value
Moran Index,0.202165537632709
Geary C,0.760032228970955
Davies-Bouldin Index,2.309671466609436
Silhouette Coefficient,0.0963808745145797
Calinski-Harabaz Index,1434.1057272596147
kBET,0.2557165753973554
KNN_connectivity,0.999946494847797
bASW,0.4597483463585376
iLISI,0.252385757263624
PCR,0.0096700406140026
SC_Score,0.202165537632709
BVC_Score,478.8372598669129
BER_Score,0.3954934428962633
Final_Score,159.81163961581396
