Metric,Value
Moran Index,0.6060110206984264
Geary C,0.391734677150005
ARI,0.1117677222247354
NMI,0.2282774653009232
asw_celltype,0.4657861962914467
graph_clisi,0.9926853767475804
kBET,0.2517344480657503
KNN_connectivity,1.0
bASW,0.40787308663129807
iLISI,0.2507678524670414
PCR,0.0004250496061861
SC_Score,0.6060110206984264
BVC_Score,0.4496291901411714
BER_Score,0.38216008735405516
Final_Score,0.47926676606455093
