Metric,Value
Moran Index,0.1573505471015193
Geary C,0.8263115079604307
Davies-Bouldin Index,2.4145658124006317
Silhouette Coefficient,0.1016919314861297
Calinski-Harabaz Index,1498.0025621648515
kBET,0.2557165753973554
KNN_connectivity,0.999946494847797
bASW,0.4597483463585376
iLISI,0.252385757263624
PCR,0.0096700406140026
SC_Score,0.1573505471015193
BVC_Score,500.1729399695796
BER_Score,0.3954934428962633
Final_Score,166.90859465319247
