Metric,Value
Moran Index,0.5034193712819698
Geary C,0.4972581174190506
ARI,0.0568715790257514
NMI,0.1447415220675341
asw_celltype,0.4483114629983902
graph_clisi,0.9822915075369376
kBET,0.2501120605126768
KNN_connectivity,1.0
bASW,0.4044879898428917
iLISI,0.2500488046350459
PCR,0.0
SC_Score,0.5034193712819698
BVC_Score,0.4080540179071533
BER_Score,0.38092977099812286
Final_Score,0.43080105339574865
