Metric,Value
Moran Index,0.451290957972784
Geary C,0.5427614644798925
Davies-Bouldin Index,2.5928007900994765
Silhouette Coefficient,0.0870798006653785
Calinski-Harabaz Index,587.5685333920472
kBET,0.7068717179294823
KNN_connectivity,0.9835992128433666
bASW,0.4805516451597214
iLISI,0.6768779298897122
PCR,0.1027755604831894
SC_Score,0.451290957972784
BVC_Score,196.74947132760403
BER_Score,0.5901352132610944
Final_Score,65.93029916627931
