Metric,Value
Moran Index,0.5124051799065592
Geary C,0.4846634417248728
Davies-Bouldin Index,2.5056954723395743
Silhouette Coefficient,0.0897319763898849
Calinski-Harabaz Index,592.2985927654631
kBET,0.7068717179294823
KNN_connectivity,0.9835992128433666
bASW,0.4805516451597214
iLISI,0.6768779298897122
PCR,0.1027755604831894
SC_Score,0.5124051799065592
BVC_Score,198.29800673806415
BER_Score,0.5901352132610944
Final_Score,66.46684904374393
