Metric,Value
Moran Index,0.7236380404590996
Geary C,0.2757477655300293
ARI,0.0035219018111179
NMI,0.0096168045943146
asw_celltype,0.4779344573616981
graph_clisi,0.9032360073252425
kBET,0.5612485964518302
KNN_connectivity,0.9896605483691084
bASW,0.4715613313019276
iLISI,0.4694922681078741
PCR,0.1775582004641065
SC_Score,0.7236380404590996
BVC_Score,0.3485772927730932
BER_Score,0.5339041889389693
Final_Score,0.5353731740570541
