Metric,Value
Moran Index,0.4079605801027363
Geary C,0.5911179147524772
Davies-Bouldin Index,2.5132048784054866
Silhouette Coefficient,0.094555027782917
Calinski-Harabaz Index,631.753591838084
kBET,0.7068717179294823
KNN_connectivity,0.9835992128433666
bASW,0.4805516451597214
iLISI,0.6768779298897122
PCR,0.1027755604831894
SC_Score,0.4079605801027363
BVC_Score,211.4537839147575
BER_Score,0.5901352132610944
Final_Score,70.81729323604044
