Metric,Value
Moran Index,0.2734833503168312
Geary C,0.7125056466644845
Davies-Bouldin Index,2.9593018964926947
Silhouette Coefficient,0.0484269559383392
Calinski-Harabaz Index,1186.183566091925
kBET,0.2557165753973554
KNN_connectivity,0.999946494847797
bASW,0.4597483463585376
iLISI,0.252385757263624
PCR,0.0096700406140026
SC_Score,0.2734833503168312
BVC_Score,396.39709831478535
BER_Score,0.3954934428962633
Final_Score,132.35535836933283
