Metric,Value
Moran Index,0.5775720320073129
Geary C,0.4226259623213747
ARI,0.1333020944781944
NMI,0.2430097203813379
asw_celltype,0.4657861962914467
graph_clisi,0.9926853767475804
kBET,0.2517344480657503
KNN_connectivity,1.0
bASW,0.40787308663129807
iLISI,0.2507678524670414
PCR,0.0004250496061861
SC_Score,0.5775720320073129
BVC_Score,0.4586958469746399
BER_Score,0.38216008735405516
Final_Score,0.47280932211200266
