Metric,Value
Moran Index,0.37894480656893
Geary C,0.6162544951486695
ARI,0.0014782813718551
NMI,0.0061258635250584
asw_celltype,0.4895116798579693
graph_clisi,0.885734068261045
kBET,0.7069752995119066
KNN_connectivity,0.9756202446306464
bASW,0.4778852555900812
iLISI,0.6783371626329072
PCR,0.1294171116023553
SC_Score,0.37894480656893
BVC_Score,0.3457124732539819
BER_Score,0.5936470147935794
Final_Score,0.4394347648721637
