Metric,Value
Moran Index,0.563022598884475
Geary C,0.4384668600141616
Davies-Bouldin Index,3.5908551145223955
Silhouette Coefficient,-0.0067638638429343
Calinski-Harabaz Index,276.5435419049715
kBET,0.7068717179294823
KNN_connectivity,0.9835992128433666
bASW,0.4805516451597214
iLISI,0.6768779298897122
PCR,0.1027755604831894
SC_Score,0.563022598884475
BVC_Score,93.37587771855031
BER_Score,0.5901352132610944
Final_Score,31.50967851023196
