Metric,Value
Moran Index,0.4124784071146887
Geary C,0.5851078796185903
ARI,0.0553424564891419
NMI,0.1400617873355805
asw_celltype,0.4483114629983902
graph_clisi,0.9822915075369376
kBET,0.2501120605126768
KNN_connectivity,1.0
bASW,0.4044879898428917
iLISI,0.2500488046350459
PCR,0.0
SC_Score,0.4124784071146887
BVC_Score,0.4065018035900125
BER_Score,0.38092977099812286
Final_Score,0.39996999390094135
