Metric,Value
Moran Index,0.5678012315914943
Geary C,0.4317416207251111
ARI,0.0034288375741431
NMI,0.0089657157121968
asw_celltype,0.4779344573616981
graph_clisi,0.9032360073252425
kBET,0.5612485964518302
KNN_connectivity,0.9896605483691084
bASW,0.4715613313019276
iLISI,0.4694922681078741
PCR,0.1775582004641065
SC_Score,0.5678012315914943
BVC_Score,0.3483912544933201
BER_Score,0.5339041889389693
Final_Score,0.48336555834126127
