Metric,Value
Moran Index,0.6340967504880184
Geary C,0.366002988211984
ARI,0.006392430498329
NMI,0.0083625238226888
asw_celltype,0.4779344573616981
graph_clisi,0.9032360073252425
kBET,0.5612485964518302
KNN_connectivity,0.9896605483691084
bASW,0.4715613313019276
iLISI,0.4694922681078741
PCR,0.1775582004641065
SC_Score,0.6340967504880184
BVC_Score,0.3489813547519895
BER_Score,0.5339041889389693
Final_Score,0.5056607647263257
