Metric,Value
Moran Index,0.425724294376732
Geary C,0.5739341096287773
Davies-Bouldin Index,1.6459568290411897
Silhouette Coefficient,0.2359787970781326
Calinski-Harabaz Index,4776.535597607167
kBET,0.60059918694397
KNN_connectivity,0.9188871630384896
bASW,0.4413752369582653
iLISI,0.4456123894773861
PCR,0.2960584374080093
SC_Score,0.425724294376732
BVC_Score,1592.8058444110954
BER_Score,0.5405064827652241
Final_Score,531.2573583960792
