Metric,Value
Moran Index,0.6611174874009871
Geary C,0.3418657301465343
ARI,0.0562527864775987
NMI,0.1467259430894908
asw_celltype,0.4483114629983902
graph_clisi,0.9822915075369376
kBET,0.2501120605126768
KNN_connectivity,1.0
bASW,0.4044879898428917
iLISI,0.2500488046350459
PCR,0.0
SC_Score,0.6611174874009871
BVC_Score,0.4083954250256043
BER_Score,0.38092977099812286
Final_Score,0.4834808944749048
