Metric,Value
Moran Index,0.4255510761929315
Geary C,0.5747459777711815
Davies-Bouldin Index,1.6070334332675955
Silhouette Coefficient,0.2372725754976272
Calinski-Harabaz Index,4111.59081028871
kBET,0.60059918694397
KNN_connectivity,0.9188871630384896
bASW,0.4413752369582653
iLISI,0.4456123894773861
PCR,0.2960584374080093
SC_Score,0.4255510761929315
BVC_Score,1371.1450387658251
BER_Score,0.5405064827652241
Final_Score,457.37036544159446
