Metric,Value
Moran Index,0.5756056831124485
Geary C,0.4239741426283125
ARI,0.1083441111645397
NMI,0.2215132905616116
asw_celltype,0.4657861962914467
graph_clisi,0.9926853767475804
kBET,0.2517344480657503
KNN_connectivity,1.0
bASW,0.40787308663129807
iLISI,0.2507678524670414
PCR,0.0004250496061861
SC_Score,0.5756056831124485
BVC_Score,0.4470822436912946
BER_Score,0.38216008735405516
Final_Score,0.46828267138593277
