Metric,Value
Moran Index,0.4440940230207581
Geary C,0.5548935771580298
Davies-Bouldin Index,1.3642713254519825
Silhouette Coefficient,0.2874165177345276
Calinski-Harabaz Index,4062.491876426331
kBET,0.60059918694397
KNN_connectivity,0.9188871630384896
bASW,0.4413752369582653
iLISI,0.4456123894773861
PCR,0.2960584374080093
SC_Score,0.4440940230207581
BVC_Score,1354.7145214231723
BER_Score,0.5405064827652241
Final_Score,451.8997073096528
