Metric,Value
Moran Index,0.2114917570469338
Geary C,0.7868901679255409
ARI,0.0339311441779663
NMI,0.0562912320946258
asw_celltype,0.4895116798579693
graph_clisi,0.885734068261045
kBET,0.7069752995119066
KNN_connectivity,0.9756202446306464
bASW,0.4778852555900812
iLISI,0.6783371626329072
PCR,0.1294171116023553
SC_Score,0.2114917570469338
BVC_Score,0.3663670310979016
BER_Score,0.5936470147935794
Final_Score,0.3905019343128049
