Metric,Value
Moran Index,0.2414656066605679
Geary C,0.7593377117801132
ARI,0.0418465356727558
NMI,0.0565424708535482
asw_celltype,0.4895116798579693
graph_clisi,0.885734068261045
kBET,0.7069752995119066
KNN_connectivity,0.9756202446306464
bASW,0.4778852555900812
iLISI,0.6783371626329072
PCR,0.1294171116023553
SC_Score,0.2414656066605679
BVC_Score,0.3684086886613296
BER_Score,0.5936470147935794
Final_Score,0.4011737700384923
