Metric,Value
Moran Index,0.2175231288092022
Geary C,0.7730936612470724
Davies-Bouldin Index,2.118828999441332
Silhouette Coefficient,0.1314466893672943
Calinski-Harabaz Index,1689.039077933508
kBET,0.2557165753973554
KNN_connectivity,0.999946494847797
bASW,0.4597483463585376
iLISI,0.252385757263624
PCR,0.0096700406140026
SC_Score,0.2175231288092022
BVC_Score,563.7631178741055
BER_Score,0.3954934428962633
Final_Score,188.12537814860366
