Metric,Value
Moran Index,0.3082094653520255
Geary C,0.6914256486279808
ARI,0.0370689993990613
NMI,0.0545364382548139
asw_celltype,0.4895116798579693
graph_clisi,0.885734068261045
kBET,0.7069752995119066
KNN_connectivity,0.9756202446306464
bASW,0.4778852555900812
iLISI,0.6783371626329072
PCR,0.1294171116023553
SC_Score,0.3082094653520255
BVC_Score,0.3667127964432223
BER_Score,0.5936470147935794
Final_Score,0.42285642552960906
