Metric,Value
Moran Index,0.4637672690045374
Geary C,0.5352060813812501
ARI,0.0572540381200501
NMI,0.1439425759272277
asw_celltype,0.4483114629983902
graph_clisi,0.9822915075369376
kBET,0.2501120605126768
KNN_connectivity,1.0
bASW,0.4044879898428917
iLISI,0.2500488046350459
PCR,0.0
SC_Score,0.4637672690045374
BVC_Score,0.4079498961456513
BER_Score,0.38092977099812286
Final_Score,0.4175489787161039
