Metric,Value
Moran Index,0.20417001256970613
Geary C,0.7933771013164526
Davies-Bouldin Index,1.1118005728868627
Silhouette Coefficient,0.3165899
Calinski-Harabaz Index,27985.74603760307
kBET,0.5708258527827649
KNN_connectivity,0.9584000563884686
bASW,0.5173230208456516
iLISI,0.42419896390088596
PCR,0.4668427898834594
SC_Score,0.20417001256970613
BVC_Score,9329.058142689288
BER_Score,0.5875181367602461
Final_Score,3109.949943612873
Scenario,without_rna
Dataset_Short,Mouse_Thymus
