Metric,Value
Moran Index,0.20772805500556768
Geary C,0.7891805363270098
Davies-Bouldin Index,1.3456253486159357
Silhouette Coefficient,0.20648101
Calinski-Harabaz Index,22072.72936083151
kBET,0.5708258527827649
KNN_connectivity,0.9584000563884686
bASW,0.5173230208456516
iLISI,0.42419896390088596
PCR,0.4668427898834594
SC_Score,0.20772805500556768
BVC_Score,7358.093822396615
BER_Score,0.5875181367602461
Final_Score,2452.9630228627934
Scenario,without_rna
Dataset_Short,Mouse_Thymus
