Metric,Value
Moran Index,0.12529196502369166
Geary C,0.8735680587523684
Davies-Bouldin Index,1.1929775053886091
Silhouette Coefficient,0.19250135
Calinski-Harabaz Index,23595.692485193675
kBET,0.5708258527827649
KNN_connectivity,0.9584000563884686
bASW,0.5173230208456516
iLISI,0.42419896390088596
PCR,0.4668427898834594
SC_Score,0.12529196502369166
BVC_Score,7865.692654683433
BER_Score,0.5875181367602461
Final_Score,2622.1351549284054
Scenario,without_rna
Dataset_Short,Mouse_Thymus
