Metric,Value
Moran Index,0.19788674415968174
Geary C,0.7983443701281489
Davies-Bouldin Index,1.1394361352737574
Silhouette Coefficient,0.22122443
Calinski-Harabaz Index,22272.32671233008
kBET,0.5768671454219032
KNN_connectivity,0.8232874861687927
bASW,0.519630765542388
iLISI,0.4237254209895196
PCR,0.5053298891661266
SC_Score,0.19788674415968174
BVC_Score,7424.562457630858
BER_Score,0.569768141457746
Final_Score,2475.1100375054916
Scenario,without_second
Dataset_Short,Mouse_Thymus
