Metric,Value
Moran Index,0.20892849003532898
Geary C,0.7910016389728179
Davies-Bouldin Index,1.2442227757289275
Silhouette Coefficient,0.23140348
Calinski-Harabaz Index,21740.197669797126
kBET,0.5768671454219032
KNN_connectivity,0.8232874861687927
bASW,0.519630765542388
iLISI,0.4237254209895196
PCR,0.5053298891661266
SC_Score,0.20892849003532898
BVC_Score,7247.224432019265
BER_Score,0.569768141457746
Final_Score,2416.0010428835863
Scenario,without_second
Dataset_Short,Mouse_Thymus
