Metric,Value
Moran Index,0.1982037094143443
Geary C,0.8022257396002261
Davies-Bouldin Index,1.1023536631795228
Silhouette Coefficient,0.3313802
Calinski-Harabaz Index,26127.5519543085
kBET,0.5768671454219032
KNN_connectivity,0.8232874861687927
bASW,0.519630765542388
iLISI,0.4237254209895196
PCR,0.5053298891661266
SC_Score,0.1982037094143443
BVC_Score,8709.661896053381
BER_Score,0.569768141457746
Final_Score,2903.4766226347515
Scenario,without_second
Dataset_Short,Mouse_Thymus
