Metric,Value
Moran Index,0.7178766099439444
Geary C,0.2806058048413572
Davies-Bouldin Index,3.5363178377852234
Silhouette Coefficient,-0.03408173844218254
Calinski-Harabaz Index,110.0303029262557
SC_Score,0.7178766099439444
BVC_Score,37.84417967519958
Total_Score,19.28102814257176
