Metric,Value
Moran Index,0.7245416230387937
Geary C,0.2745567744974778
Davies-Bouldin Index,3.7127032563581728
Silhouette Coefficient,-0.008877241984009743
Calinski-Harabaz Index,164.57627241748378
SC_Score,0.7245416230387937
BVC_Score,56.09336614395264
Total_Score,28.40895388349572
