Metric,Value
Moran Index,0.7990113457544978
Geary C,0.20128546980000286
Davies-Bouldin Index,3.6716742486647176
Silhouette Coefficient,-0.014021690934896469
Calinski-Harabaz Index,134.79560259513642
SC_Score,0.7990113457544978
BVC_Score,46.15108505095541
Total_Score,23.475048198354955
