Metric,Value
Moran Index,0.7630642318931248
Geary C,0.23748516187910046
Davies-Bouldin Index,3.3581086162574936
Silhouette Coefficient,0.0008425713749602437
Calinski-Harabaz Index,194.49331117778925
SC_Score,0.7630642318931248
BVC_Score,65.95075412180724
Total_Score,33.35690917685018
