Metric,Value
Moran Index,0.4609082270330159
Geary C,0.54044579355575
Davies-Bouldin Index,2.2493825130664464
Silhouette Coefficient,0.05778535455465317
Calinski-Harabaz Index,350.787390329216
SC_Score,0.4609082270330159
BVC_Score,117.69818606561238
Total_Score,59.079547146322696
