Metric,Value
Moran Index,0.5676042874776017
Geary C,0.43354214214982184
Davies-Bouldin Index,1.6859971717812494
Silhouette Coefficient,0.10801782459020615
Calinski-Harabaz Index,414.62570961434653
SC_Score,0.5676042874776017
BVC_Score,138.80657487023933
Total_Score,69.68708957885846
