Metric,Value
Moran Index,0.6157441638994472
Geary C,0.3854853073799822
Davies-Bouldin Index,3.4371450330175346
Silhouette Coefficient,0.0006679351208731532
Calinski-Harabaz Index,178.0004240643694
SC_Score,0.6157441638994472
BVC_Score,60.479412344169276
Total_Score,30.547578254034363
