Metric,Value
Moran Index,0.6396051222280097
Geary C,0.35901995842357953
Davies-Bouldin Index,2.9494999489822344
Silhouette Coefficient,-0.0033133565448224545
Calinski-Harabaz Index,120.01304710690559
SC_Score,0.6396051222280097
BVC_Score,40.98641123311433
Total_Score,20.813008177671172
