Metric,Value
Moran Index,0.6859994673464525
Geary C,0.31510030448808535
Davies-Bouldin Index,3.2610852679009774
Silhouette Coefficient,0.004964086227118969
Calinski-Harabaz Index,167.19371159549368
SC_Score,0.6859994673464525
BVC_Score,56.81992031654059
Total_Score,28.752959891943522
