Metric,Value
Moran Index,0.44815400248967163
Geary C,0.5514092168037845
Davies-Bouldin Index,2.2865827256294664
Silhouette Coefficient,0.06389450281858444
Calinski-Harabaz Index,320.78919295509587
SC_Score,0.44815400248967163
BVC_Score,107.71322339451463
Total_Score,54.08068869850215
