Metric,Value
Moran Index,0.8035625312941759
Geary C,0.19774692708358432
Davies-Bouldin Index,2.8815115021213193
Silhouette Coefficient,-0.05087731033563614
Calinski-Harabaz Index,211.87241618802247
SC_Score,0.8035625312941759
BVC_Score,71.56768345993605
Total_Score,36.18562299561511
