Metric,Value
Moran Index,0.6363246216459117
Geary C,0.3621344592753706
Davies-Bouldin Index,3.3710677632933157
Silhouette Coefficient,-0.02854583039879799
Calinski-Harabaz Index,186.93244320652377
SC_Score,0.6363246216459117
BVC_Score,63.4249883798061
Total_Score,32.03065650072601
