Metric,Value
Moran Index,0.33501583975542537
Geary C,0.6603790678721378
ARI,0.12578420324016334
NMI,0.22681548062010187
asw_celltype,0.42515697330236435
graph_clisi,0.5
kBET,0.35475976397864567
KNN_connectivity,0.9938336436416235
bASW,0.5113590154796839
iLISI,0.29972812081963696
PCR,0.44787599012404644
SC_Score,0.33501583975542537
BVC_Score,0.3194391642906574
BER_Score,0.5215113068087274
Final_Score,0.3919887702849367
Scenario,without_second
Dataset_Short,MISAR_S1
