Metric,Value
Moran Index,0.26098291056819334
Geary C,0.7493789762772738
ARI,0.11409461611339226
NMI,0.240838550414903
asw_celltype,0.397482194006443
graph_clisi,0.5
kBET,0.337687552683338
KNN_connectivity,0.9956211745176564
bASW,0.5125467572361231
iLISI,0.29093498264861667
PCR,0.4123352181784631
SC_Score,0.26098291056819334
BVC_Score,0.3131038401336846
BER_Score,0.5098251370528394
Final_Score,0.36130396258490577
Scenario,without_rna
Dataset_Short,MISAR_S1
