Metric,Value
Moran Index,0.3422742153906316
Geary C,0.6669713290061633
ARI,0.12927785630919972
NMI,0.22876944478374908
asw_celltype,0.397482194006443
graph_clisi,0.5
kBET,0.337687552683338
KNN_connectivity,0.9956211745176564
bASW,0.5125467572361231
iLISI,0.29093498264861667
PCR,0.4123352181784631
SC_Score,0.3422742153906316
BVC_Score,0.31388237377484796
BER_Score,0.5098251370528394
Final_Score,0.38866057540610627
Scenario,without_rna
Dataset_Short,MISAR_S1
