Metric,Value
Moran Index,0.3592946987673339
Geary C,0.668984305506555
ARI,0.17323668213641255
NMI,0.2834456611164758
asw_celltype,0.42515697330236435
graph_clisi,0.5
kBET,0.35475976397864567
KNN_connectivity,0.9938336436416235
bASW,0.5113590154796839
iLISI,0.29972812081963696
PCR,0.44787599012404644
SC_Score,0.3592946987673339
BVC_Score,0.3454598291388132
BER_Score,0.5215113068087274
Final_Score,0.4087552782382915
Scenario,without_second
Dataset_Short,MISAR_S1
