Metric,Value
Moran Index,0.40071880749520233
Geary C,0.6191620886033375
ARI,0.1530056708520102
NMI,0.2636748331630011
asw_celltype,0.42515697330236435
graph_clisi,0.5
kBET,0.35475976397864567
KNN_connectivity,0.9938336436416235
bASW,0.5113590154796839
iLISI,0.29972812081963696
PCR,0.44787599012404644
SC_Score,0.40071880749520233
BVC_Score,0.33545936932934395
BER_Score,0.5215113068087274
Final_Score,0.4192298278777579
Scenario,without_second
Dataset_Short,MISAR_S1
