Metric,Value
Moran Index,0.29605020005712934
Geary C,0.7083682948952731
ARI,0.17275072668884411
NMI,0.30242856881585484
asw_celltype,0.397482194006443
graph_clisi,0.5
kBET,0.337687552683338
KNN_connectivity,0.9956211745176564
bASW,0.5125467572361231
iLISI,0.29093498264861667
PCR,0.4123352181784631
SC_Score,0.29605020005712934
BVC_Score,0.3431653723777855
BER_Score,0.5098251370528394
Final_Score,0.3830135698292514
Scenario,without_rna
Dataset_Short,MISAR_S1
