Metric,Value
Moran Index,0.7198958697983157
Geary C,0.27413098651419765
Davies-Bouldin Index,0.9977656499927996
Silhouette Coefficient,-0.10213037580251694
Calinski-Harabaz Index,248.50341129503352
SC_Score,0.7198958697983157
BVC_Score,83.1330155230746
Total_Score,41.92645569643646
