Metric,Value
Moran Index,0.804108169398547
Geary C,0.1969167867201217
Davies-Bouldin Index,1.0313311109151522
Silhouette Coefficient,0.21262072026729584
Calinski-Harabaz Index,1298.5488885597306
SC_Score,0.804108169398547
BVC_Score,433.2642801303043
Total_Score,217.03419414985143
