Metric,Value
Moran Index,0.5675463339620962
Geary C,0.4332062046898745
Davies-Bouldin Index,3.3333980799725302
Silhouette Coefficient,0.04885615035891533
Calinski-Harabaz Index,2483.6587028190215
SC_Score,0.5675463339620962
BVC_Score,829.0136523497844
Total_Score,414.79059934187325
