Metric,Value
Moran Index,0.6112653720170932
Geary C,0.3896303989154114
Davies-Bouldin Index,1.4364425065913777
Silhouette Coefficient,0.2332450896501541
Calinski-Harabaz Index,1852.4923898387678
SC_Score,0.6112653720170932
BVC_Score,618.0540258116698
Total_Score,309.33264559184346
