Metric,Value
Moran Index,0.6750923385160466
Geary C,0.33636032020663015
Davies-Bouldin Index,0.8900466864991501
Silhouette Coefficient,0.39080387353897095
Calinski-Harabaz Index,203.08597023438068
SC_Score,0.6750923385160466
BVC_Score,68.1222735981396
Total_Score,34.398682968327826
