Metric,Value
Moran Index,0.5744412402144382
Geary C,0.42646917397775264
Davies-Bouldin Index,0.46471639419017485
Silhouette Coefficient,0.5445462465286255
Calinski-Harabaz Index,8433.875655111537
SC_Score,0.5744412402144382
BVC_Score,2811.6283059174184
Total_Score,1406.1013735788165
