Metric,Value
Moran Index,0.41893523031249846
Geary C,0.5775099694433483
Davies-Bouldin Index,1.2141007150576666
Silhouette Coefficient,0.08588695526123047
Calinski-Harabaz Index,42.71108340471457
SC_Score,0.41893523031249846
BVC_Score,14.670357025011157
Total_Score,7.544646127661828
