Metric,Value
Moran Index,0.6364745017465917
Geary C,0.3682508143388365
Davies-Bouldin Index,0.9677158021750962
Silhouette Coefficient,0.005765410140156746
Calinski-Harabaz Index,272.13757034410554
SC_Score,0.6364745017465917
BVC_Score,91.0370171854736
Total_Score,45.836745843610096
