Metric,Value
Moran Index,0.3302124381631637
Geary C,0.6513504824834707
ARI,0.2336647111058609
NMI,0.3815618275490387
asw_celltype,0.3667351603507995
graph_clisi,0.9615074593175418
kBET,0.2518994413407821
KNN_connectivity,0.9998710675605982
bASW,0.27528929710388184
iLISI,0.2507969109431482
PCR,0.0029333706969376
SC_Score,0.3302124381631637
BVC_Score,0.4858672895808102
BER_Score,0.3561580175290696
Final_Score,0.3907459150910146
