Metric,Value
Moran Index,0.6537704128463292
Geary C,0.3556285415115689
Davies-Bouldin Index,1.662326417562843
Silhouette Coefficient,0.2046639025211334
Calinski-Harabaz Index,7002.443693804426
kBET,0.5669434470377022
KNN_connectivity,0.9464994706262736
bASW,0.4910279903560877
iLISI,0.420272268485847
PCR,0.4032765120151061
SC_Score,0.6537704128463292
BVC_Score,2334.770228041504
BER_Score,0.5656039377042034
Final_Score,778.6632007973516
