Metric,Value
Moran Index,0.4170651086538512
Geary C,0.57957777862832
Davies-Bouldin Index,6.943797817337521
Silhouette Coefficient,0.1000173836946487
Calinski-Harabaz Index,380.9695810723491
kBET,0.8471064467766118
KNN_connectivity,0.9824997073811969
bASW,0.495909096673131
iLISI,0.808221454883418
PCR,0.3588818893422471
SC_Score,0.4170651086538512
BVC_Score,129.33779875779376
BER_Score,0.698523719011321
Final_Score,43.48446252848631
