Metric,Value
Moran Index,0.3082779239502418
Geary C,0.7113954125722695
Davies-Bouldin Index,2.045315424512993
Silhouette Coefficient,0.0942428559064865
Calinski-Harabaz Index,4897.388478367924
kBET,0.2766638511284149
KNN_connectivity,0.9988970093242864
bASW,0.4755104687064886
iLISI,0.2618693881326927
PCR,0.0223571111664524
SC_Score,0.3082779239502418
BVC_Score,1633.1760122161147
BER_Score,0.407059565691667
Final_Score,544.630449901919
