Metric,Value
Moran Index,0.4955071852328487
Geary C,0.5142346455631622
ARI,0.105639613477939
NMI,0.1951331761519323
asw_celltype,0.4264874681830406
graph_clisi,0.8460838843503473
kBET,0.828019874324127
KNN_connectivity,0.9863595378729592
bASW,0.4984449101611972
iLISI,0.7903082252696713
PCR,0.3289492912465293
SC_Score,0.4955071852328487
BVC_Score,0.3933360355408148
BER_Score,0.6864163677748968
Final_Score,0.5250865295161867
