Metric,Value
Moran Index,0.2334522682696587
Geary C,0.79265881892834
ARI,0.2637212580855646
NMI,0.3975894488629417
asw_celltype,0.4456567950546741
graph_clisi,0.9809199976284712
kBET,0.254866535543692
KNN_connectivity,0.999032433141709
bASW,0.3324557691812515
iLISI,0.2522328129240183
PCR,0.0056192996581599
SC_Score,0.2334522682696587
BVC_Score,0.5219718749079129
BER_Score,0.36884137008976614
Final_Score,0.3747551710891126
