Metric,Value
Moran Index,0.19831182577514
Geary C,0.7996468084537683
Davies-Bouldin Index,1.5193963655246052
Silhouette Coefficient,0.2601597607135772
Calinski-Harabaz Index,8684.059602657682
kBET,0.5669434470377022
KNN_connectivity,0.9464994706262736
bASW,0.4910279903560877
iLISI,0.420272268485847
PCR,0.4032765120151061
SC_Score,0.19831182577514
BVC_Score,2895.27971959464
BER_Score,0.5656039377042034
Final_Score,965.3478784527065
