Metric,Value
Moran Index,0.6389180579832034
Geary C,0.3706308066263686
Davies-Bouldin Index,1.7557191582804557
Silhouette Coefficient,0.1879266053438186
Calinski-Harabaz Index,6396.704891267321
kBET,0.5669434470377022
KNN_connectivity,0.9464994706262736
bASW,0.4910279903560877
iLISI,0.420272268485847
PCR,0.4032765120151061
SC_Score,0.6389180579832034
BVC_Score,2132.8828456769816
BER_Score,0.5656039377042034
Final_Score,711.3624558908896
