Metric,Value
Moran Index,0.2850458827148826
Geary C,0.6870535072468075
Davies-Bouldin Index,1.9685757691281671
Silhouette Coefficient,0.1263186931610107
Calinski-Harabaz Index,5407.043470827297
kBET,0.2766638511284149
KNN_connectivity,0.9988970093242864
bASW,0.4755104687064886
iLISI,0.2618693881326927
PCR,0.0223571111664524
SC_Score,0.2850458827148826
BVC_Score,1803.0461217631955
BER_Score,0.407059565691667
Final_Score,601.2460757372007
