Metric,Value
Moran Index,0.498486312215342
Geary C,0.5041956173212004
ARI,0.1350835168621455
NMI,0.2246600759020035
asw_celltype,0.4264874681830406
graph_clisi,0.8460838843503473
kBET,0.828019874324127
KNN_connectivity,0.9863595378729592
bASW,0.4984449101611972
iLISI,0.7903082252696713
PCR,0.3289492912465293
SC_Score,0.498486312215342
BVC_Score,0.4080787363243842
BER_Score,0.6864163677748968
Final_Score,0.5309938054382076
