Metric,Value
Moran Index,0.3263125001113347
Geary C,0.6700752946223041
Davies-Bouldin Index,2.278343654783465
Silhouette Coefficient,0.1142569407820701
Calinski-Harabaz Index,1009.6805595732438
kBET,0.8471064467766118
KNN_connectivity,0.9824997073811969
bASW,0.495909096673131
iLISI,0.808221454883418
PCR,0.3588818893422471
SC_Score,0.3263125001113347
BVC_Score,337.3577200562698
BER_Score,0.698523719011321
Final_Score,112.79418542513082
