Metric,Value
Moran Index,0.2007695870718022
Geary C,0.7907136086329765
ARI,0.2038591138829765
NMI,0.3430844701608083
asw_celltype,0.3667351603507995
graph_clisi,0.9615074593175418
kBET,0.2518994413407821
KNN_connectivity,0.9998710675605982
bASW,0.27528929710388184
iLISI,0.2507969109431482
PCR,0.0029333706969376
SC_Score,0.2007695870718022
BVC_Score,0.4687965509280315
BER_Score,0.3561580175290696
Final_Score,0.3419080518429678
