Metric,Value
Moran Index,0.3092202586463444
Geary C,0.6795848883695225
Davies-Bouldin Index,1.9394314847947896
Silhouette Coefficient,0.1364386081695556
Calinski-Harabaz Index,5153.603041170656
kBET,0.2766638511284149
KNN_connectivity,0.9988970093242864
bASW,0.4755104687064886
iLISI,0.2618693881326927
PCR,0.0223571111664524
SC_Score,0.3092202586463444
BVC_Score,1718.5596370878736
BER_Score,0.407059565691667
Final_Score,573.0919723040705
