Metric,Value
Moran Index,0.5104917509608612
Geary C,0.4862552062759196
Davies-Bouldin Index,1.5773757261482126
Silhouette Coefficient,0.1291777938604354
Calinski-Harabaz Index,6350.753348351052
kBET,0.5669434470377022
KNN_connectivity,0.9464994706262736
bASW,0.4910279903560877
iLISI,0.420272268485847
PCR,0.4032765120151061
SC_Score,0.5104917509608612
BVC_Score,2117.4866339570203
BER_Score,0.5656039377042034
Final_Score,706.1875765485617
