Metric,Value
Moran Index,0.2778640609004403
Geary C,0.7153682223053687
Davies-Bouldin Index,2.300074317687691
Silhouette Coefficient,0.1219419836997985
Calinski-Harabaz Index,1057.103231146195
kBET,0.8471064467766118
KNN_connectivity,0.9824997073811969
bASW,0.495909096673131
iLISI,0.808221454883418
PCR,0.3588818893422471
SC_Score,0.2778640609004403
BVC_Score,353.17508248252744
BER_Score,0.698523719011321
Final_Score,118.05049008747973
