Metric,Value
Moran Index,0.812521278508716
Geary C,0.187850873775788
ARI,0.1067371012432938
NMI,0.1744403740924936
asw_celltype,0.4068100303411484
graph_clisi,0.8961489010908056
kBET,0.5490029427901639
KNN_connectivity,0.9880361649010524
bASW,0.44896862655878067
iLISI,0.4605308930594334
PCR,0.2462963970444521
SC_Score,0.812521278508716
BVC_Score,0.3960341016919353
BER_Score,0.5385670048707765
Final_Score,0.5823741283571426
