Metric,Value
Moran Index,0.2992926280059499
Geary C,0.7025490702947274
ARI,0.1084117741301522
NMI,0.2170632841732479
asw_celltype,0.4264874681830406
graph_clisi,0.8460838843503473
kBET,0.828019874324127
KNN_connectivity,0.9863595378729592
bASW,0.4984449101611972
iLISI,0.7903082252696713
PCR,0.3289492912465293
SC_Score,0.2992926280059499
BVC_Score,0.399511602709197
BER_Score,0.6864163677748968
Final_Score,0.4617401994966812
