Metric,Value
Moran Index,0.2045843914894312
Geary C,0.8065271548281397
Davies-Bouldin Index,1.6682259246177076
Silhouette Coefficient,0.1874678134918213
Calinski-Harabaz Index,6910.842680113687
kBET,0.2766638511284149
KNN_connectivity,0.9988970093242864
bASW,0.4755104687064886
iLISI,0.2618693881326927
PCR,0.0223571111664524
SC_Score,0.2045843914894312
BVC_Score,2304.2327912839323
BER_Score,0.407059565691667
Final_Score,768.2814784137045
