Metric,Value
Moran Index,0.8503720549919201
Geary C,0.1491795075728491
ARI,0.0688597433945947
NMI,0.1395079274677664
asw_celltype,0.4068100303411484
graph_clisi,0.8961489010908056
kBET,0.5490029427901639
KNN_connectivity,0.9880361649010524
bASW,0.44896862655878067
iLISI,0.4605308930594334
PCR,0.2462963970444521
SC_Score,0.8503720549919201
BVC_Score,0.3778316505735788
BER_Score,0.5385670048707765
Final_Score,0.5889235701454252
