Metric,Value
Moran Index,0.3674837662355139
Geary C,0.6190898443970514
ARI,0.2261502704159048
NMI,0.3774941962742717
asw_celltype,0.3667351603507995
graph_clisi,0.9615074593175418
kBET,0.2518994413407821
KNN_connectivity,0.9998710675605982
bASW,0.27528929710388184
iLISI,0.2507969109431482
PCR,0.0029333706969376
SC_Score,0.3674837662355139
BVC_Score,0.4829717715896294
BER_Score,0.3561580175290696
Final_Score,0.40220451845140426
