Metric,Value
Moran Index,0.2296399880572325
Geary C,0.7696782763048191
ARI,0.21090760992904
NMI,0.3348585306680484
asw_celltype,0.3667351603507995
graph_clisi,0.9615074593175418
kBET,0.2518994413407821
KNN_connectivity,0.9998710675605982
bASW,0.27528929710388184
iLISI,0.2507969109431482
PCR,0.0029333706969376
SC_Score,0.2296399880572325
BVC_Score,0.4685021900663574
BER_Score,0.3561580175290696
Final_Score,0.35143339855088646
