Metric,Value
Moran Index,0.2018636943799945
Geary C,0.801680190939396
ARI,0.3044631608867661
NMI,0.4620372734193966
asw_celltype,0.4456567950546741
graph_clisi,0.9809199976284712
kBET,0.254866535543692
KNN_connectivity,0.999032433141709
bASW,0.3324557691812515
iLISI,0.2522328129240183
PCR,0.0056192996581599
SC_Score,0.2018636943799945
BVC_Score,0.548269306747327
BER_Score,0.36884137008976614
Final_Score,0.37299145707236253
