Metric,Value
Moran Index,0.5931690238113502
Geary C,0.4129508937132674
ARI,0.1103577965686252
NMI,0.213209377534155
asw_celltype,0.4264874681830406
graph_clisi,0.8460838843503473
kBET,0.828019874324127
KNN_connectivity,0.9863595378729592
bASW,0.4984449101611972
iLISI,0.7903082252696713
PCR,0.3289492912465293
SC_Score,0.5931690238113502
BVC_Score,0.399034631659042
BER_Score,0.6864163677748968
Final_Score,0.5595400077484296
