Metric,Value
Moran Index,0.3223792577444003
Geary C,0.6944250623302946
ARI,0.2987592338332687
NMI,0.4811212787809324
asw_celltype,0.4456567950546741
graph_clisi,0.9809199976284712
kBET,0.254866535543692
KNN_connectivity,0.999032433141709
bASW,0.3324557691812515
iLISI,0.2522328129240183
PCR,0.0056192996581599
SC_Score,0.3223792577444003
BVC_Score,0.5516143263243366
BER_Score,0.36884137008976614
Final_Score,0.4142783180528344
