Metric,Value
Moran Index,0.8506102783594763
Geary C,0.1493682375207483
ARI,0.0664397031581503
NMI,0.1397152014179789
asw_celltype,0.4068100303411484
graph_clisi,0.8961489010908056
kBET,0.5490029427901639
KNN_connectivity,0.9880361649010524
bASW,0.44896862655878067
iLISI,0.4605308930594334
PCR,0.2462963970444521
SC_Score,0.8506102783594763
BVC_Score,0.3772784590020208
BER_Score,0.5385670048707765
Final_Score,0.5888185807440912
