Metric,Value
Moran Index,0.4352640069351646
Geary C,0.5619262237076904
Davies-Bouldin Index,2.516126945481819
Silhouette Coefficient,0.1120750308036804
Calinski-Harabaz Index,955.2058564316292
kBET,0.8471064467766118
KNN_connectivity,0.9824997073811969
bASW,0.495909096673131
iLISI,0.808221454883418
PCR,0.3588818893422471
SC_Score,0.4352640069351646
BVC_Score,319.27801946930487
BER_Score,0.698523719011321
Final_Score,106.80393573175046
