Metric,Value
Moran Index,0.6557613475986308
Geary C,0.3428870806027162
ARI,0.0987312545769588
NMI,0.2312591883256957
asw_celltype,0.4356420189142227
graph_clisi,0.8442448730323008
kBET,0.8845564810755518
KNN_connectivity,0.9739259282172508
bASW,0.4996985402540304
iLISI,0.845812975309842
PCR,0.4638316527838667
SC_Score,0.6557613475986308
BVC_Score,0.4024693337122945
BER_Score,0.7335651155281084
Final_Score,0.5972652656130112
