Metric,Value
Moran Index,0.9464531463900516
Geary C,0.0535706872373811
Davies-Bouldin Index,1.0120229485061307
Silhouette Coefficient,0.2988137602806091
Calinski-Harabaz Index,6574.359708467599
kBET,0.8932833583208398
KNN_connectivity,0.9818171177498064
bASW,0.4993220428586938
iLISI,0.8551595243102431
PCR,0.4593340250681144
SC_Score,0.9464531463900516
BVC_Score,2191.890181725462
BER_Score,0.7377832136615395
Final_Score,731.1914726951712
