Metric,Value
Moran Index,0.0663130323947296
Geary C,0.9332557386286856
Davies-Bouldin Index,1.2420561798179357
Silhouette Coefficient,0.3105312585830688
Calinski-Harabaz Index,27335.086360088804
kBET,1.0
KNN_connectivity,1.0
bASW,0.5
iLISI,1.0
PCR,1.0
SC_Score,0.0663130323947296
BVC_Score,9112.212982509069
BER_Score,0.9
Final_Score,3037.726431847155
