Metric,Value
Moran Index,0.8798299487159166
Geary C,0.118464125410036
ARI,0.1061943044743755
NMI,0.2312233633276567
asw_celltype,0.4356420189142227
graph_clisi,0.8442448730323008
kBET,0.8845564810755518
KNN_connectivity,0.9739259282172508
bASW,0.4996985402540304
iLISI,0.845812975309842
PCR,0.4638316527838667
SC_Score,0.8798299487159166
BVC_Score,0.4043261399371389
BER_Score,0.7335651155281084
Final_Score,0.6725737347270546
