Metric,Value
Moran Index,0.063701851383705
Geary C,0.9353340840664142
ARI,0.0362500202280843
NMI,0.0790898443185005
asw_celltype,0.4381639026105404
graph_clisi,0.9223948991394508
kBET,0.6723016759776537
KNN_connectivity,0.8736205557595128
bASW,0.5209894441068172
iLISI,0.4883539872695311
PCR,0.6043318370333486
SC_Score,0.063701851383705
BVC_Score,0.368974666574144
BER_Score,0.6319195000293727
Final_Score,0.35486533932907394
