Metric,Value
Moran Index,0.1521073432590778
Geary C,0.8488051952858193
Davies-Bouldin Index,1.929639320446197
Silhouette Coefficient,0.0610847733914852
Calinski-Harabaz Index,12219.085930345404
kBET,1.0
KNN_connectivity,1.0
bASW,0.5
iLISI,1.0
PCR,1.0
SC_Score,0.1521073432590778
BVC_Score,4073.692218146414
BER_Score,0.9
Final_Score,1358.2481084965577
