Metric,Value
Moran Index,0.9712666594265243
Geary C,0.0293449532239304
Davies-Bouldin Index,0.9344872470583112
Silhouette Coefficient,0.3193760216236114
Calinski-Harabaz Index,6760.314760179943
kBET,0.8932833583208398
KNN_connectivity,0.9818171177498064
bASW,0.4993220428586938
iLISI,0.8551595243102431
PCR,0.4593340250681144
SC_Score,0.9712666594265243
BVC_Score,2253.856207816208
BER_Score,0.7377832136615395
Final_Score,751.8550858964321
