Metric,Value
Moran Index,0.0503797925898291
Geary C,0.9535034446238762
Davies-Bouldin Index,1.835365370387934
Silhouette Coefficient,0.1115242019295692
Calinski-Harabaz Index,21574.195973141133
kBET,1.0
KNN_connectivity,1.0
bASW,0.5
iLISI,1.0
PCR,1.0
SC_Score,0.0503797925898291
BVC_Score,7192.047620904484
BER_Score,0.9
Final_Score,2397.6660002323574
