Metric,Value
Moran Index,0.2595553633219288
Geary C,0.7402519321191408
Davies-Bouldin Index,2.4277013354029755
Silhouette Coefficient,0.0274346936494112
Calinski-Harabaz Index,2851.2971391364663
kBET,0.718440807707536
KNN_connectivity,0.8172318694184166
bASW,0.5202130284160376
iLISI,0.5374826886503089
PCR,0.6242837375156718
SC_Score,0.2595553633219288
BVC_Score,951.2507583885064
BER_Score,0.6435304263415942
Final_Score,317.38461472605667
