Metric,Value
Moran Index,0.0105133687608423
Geary C,0.9910524531880908
ARI,0.0114675575736736
NMI,0.0267976345444937
asw_celltype,0.4491325691342354
graph_clisi,0.9046066420476992
kBET,0.6763669570103962
KNN_connectivity,0.8770736875405692
bASW,0.5302079301327467
iLISI,0.4971385888406531
PCR,0.6088791200044912
SC_Score,0.0105133687608423
BVC_Score,0.3480011008250255
BER_Score,0.6379332567057714
Final_Score,0.332149242097213
