Metric,Value
Moran Index,0.2459213481384263
Geary C,0.7543230890767407
Davies-Bouldin Index,2.125595050057307
Silhouette Coefficient,0.0786516740918159
Calinski-Harabaz Index,3146.7964274799724
kBET,0.718440807707536
KNN_connectivity,0.8172318694184166
bASW,0.5202130284160376
iLISI,0.5374826886503089
PCR,0.6242837375156718
SC_Score,0.2459213481384263
BVC_Score,1049.6668914013735
BER_Score,0.6435304263415942
Final_Score,350.1854477252845
