Metric,Value
Moran Index,-0.0051042926036956
Geary C,1.0051383130547962
ARI,0.0093042837367378
NMI,0.0250050956296731
asw_celltype,0.4491325691342354
graph_clisi,0.9046066420476992
kBET,0.6763669570103962
KNN_connectivity,0.8770736875405692
bASW,0.5302079301327467
iLISI,0.4971385888406531
PCR,0.6088791200044912
SC_Score,-0.0051042926036956
BVC_Score,0.3470121476370864
BER_Score,0.6379332567057714
Final_Score,0.32661370391305405
