Metric,Value
Moran Index,0.6514662001476456
Geary C,0.3484223825787507
ARI,0.1088311756328533
NMI,0.2098627837143486
asw_celltype,0.39872807264328
graph_clisi,0.888330315295058
kBET,0.8208030325702029
KNN_connectivity,0.8907177277449402
bASW,0.5069049340672791
iLISI,0.7008068702358867
PCR,0.6358670990777513
SC_Score,0.6514662001476456
BVC_Score,0.4014380868213849
BER_Score,0.711019932739212
Final_Score,0.5879747399027475
