Metric,Value
Moran Index,-0.005248459961039
Geary C,1.004716165681114
ARI,0.0048900316222073
NMI,0.0169783883314541
asw_celltype,0.4491325691342354
graph_clisi,0.9046066420476992
kBET,0.6763669570103962
KNN_connectivity,0.8770736875405692
bASW,0.5302079301327467
iLISI,0.4971385888406531
PCR,0.6088791200044912
SC_Score,-0.005248459961039
BVC_Score,0.343901907783899
BER_Score,0.6379332567057714
Final_Score,0.3255289015095438
