Metric,Value
Moran Index,0.2530562778325911
Geary C,0.7541546082774576
Davies-Bouldin Index,3.706281415265656
Silhouette Coefficient,-0.0710529312491417
Calinski-Harabaz Index,2029.3538326840076
kBET,0.718440807707536
KNN_connectivity,0.8172318694184166
bASW,0.5202130284160376
iLISI,0.5374826886503089
PCR,0.6242837375156718
SC_Score,0.2530562778325911
BVC_Score,677.6630203893413
BER_Score,0.6435304263415942
Final_Score,226.1865356978385
