Metric,Value
Moran Index,0.9846660923337244
Geary C,0.0155763494118369
ARI,0.1134303788673291
NMI,0.2170363825750365
asw_celltype,0.39872807264328
graph_clisi,0.888330315295058
kBET,0.8208030325702029
KNN_connectivity,0.8907177277449402
bASW,0.5069049340672791
iLISI,0.7008068702358867
PCR,0.6358670990777513
SC_Score,0.9846660923337244
BVC_Score,0.4043812873451758
BER_Score,0.711019932739212
Final_Score,0.7000224374727041
