Metric,Value
Moran Index,0.0398869544359516
Geary C,0.9597760375736502
ARI,0.037368169540254
NMI,0.0792419921227264
asw_celltype,0.4381639026105404
graph_clisi,0.9223948991394508
kBET,0.6723016759776537
KNN_connectivity,0.8736205557595128
bASW,0.5209894441068172
iLISI,0.4883539872695311
PCR,0.6043318370333486
SC_Score,0.0398869544359516
BVC_Score,0.3692922408532429
BER_Score,0.6319195000293727
Final_Score,0.3470328984395224
