Metric,Value
Moran Index,0.961072072242784
Geary C,0.0387665986826512
ARI,0.1085423340851288
NMI,0.2131956840597721
asw_celltype,0.39872807264328
graph_clisi,0.888330315295058
kBET,0.8208030325702029
KNN_connectivity,0.8907177277449402
bASW,0.5069049340672791
iLISI,0.7008068702358867
PCR,0.6358670990777513
SC_Score,0.961072072242784
BVC_Score,0.4021991015208097
BER_Score,0.711019932739212
Final_Score,0.6914303688342686
