Metric,Value
Moran Index,0.246698317890198
Geary C,0.7494948599096085
Davies-Bouldin Index,2.4768854782740046
Silhouette Coefficient,0.0207118820399045
Calinski-Harabaz Index,2764.9019691815606
kBET,0.718440807707536
KNN_connectivity,0.8172318694184166
bASW,0.5202130284160376
iLISI,0.5374826886503089
PCR,0.6242837375156718
SC_Score,0.246698317890198
BVC_Score,922.4665221806248
BER_Score,0.6435304263415942
Final_Score,307.78558364161887
