Metric,Value
Moran Index,0.0303131804233367
Geary C,0.9675573053440728
ARI,0.0436649063350306
NMI,0.0859524300809569
asw_celltype,0.4381639026105404
graph_clisi,0.9223948991394508
kBET,0.6723016759776537
KNN_connectivity,0.8736205557595128
bASW,0.5209894441068172
iLISI,0.4883539872695311
PCR,0.6043318370333486
SC_Score,0.0303131804233367
BVC_Score,0.3725440345414946
BER_Score,0.6319195000293727
Final_Score,0.34492557166473464
