Metric,Value
Moran Index,0.9725822100279168
Geary C,0.0269020458706044
ARI,0.1030062508735698
NMI,0.2061727913081503
asw_celltype,0.39872807264328
graph_clisi,0.888330315295058
kBET,0.8208030325702029
KNN_connectivity,0.8907177277449402
bASW,0.5069049340672791
iLISI,0.7008068702358867
PCR,0.6358670990777513
SC_Score,0.9725822100279168
BVC_Score,0.3990593575300145
BER_Score,0.711019932739212
Final_Score,0.6942205000990477
