Metric,Value
Moran Index,0.1104217578524622
Geary C,0.8953137982461643
Davies-Bouldin Index,1.576267277359229
Silhouette Coefficient,0.143660694360733
Calinski-Harabaz Index,19283.071096116364
kBET,1.0
KNN_connectivity,1.0
bASW,0.5
iLISI,1.0
PCR,1.0
SC_Score,0.1104217578524622
BVC_Score,6428.263674696028
BER_Score,0.9
Final_Score,2143.0913654846267
