Metric,Value
Moran Index,0.8663858086829037
Geary C,0.1341150022269464
ARI,0.1181267878709493
NMI,0.2336678535198509
asw_celltype,0.4356420189142227
graph_clisi,0.8442448730323008
kBET,0.8845564810755518
KNN_connectivity,0.9739259282172508
bASW,0.4996985402540304
iLISI,0.845812975309842
PCR,0.4638316527838667
SC_Score,0.8663858086829037
BVC_Score,0.4079203833343309
BER_Score,0.7335651155281084
Final_Score,0.6692904358484477
