Metric,Value
Moran Index,0.9673389937381818
Geary C,0.0324685397088005
Davies-Bouldin Index,0.9154326770080736
Silhouette Coefficient,0.337365061044693
Calinski-Harabaz Index,7160.112096872943
kBET,0.8932833583208398
KNN_connectivity,0.9818171177498064
bASW,0.4993220428586938
iLISI,0.8551595243102431
PCR,0.4593340250681144
SC_Score,0.9673389937381818
BVC_Score,2387.1216315369984
BER_Score,0.7377832136615395
Final_Score,796.2755845814662
