Metric,Value
Moran Index,0.6365207998167839
Geary C,0.3622802121435495
Davies-Bouldin Index,1.9930832220240944
Silhouette Coefficient,0.2432982176542282
Calinski-Harabaz Index,3961.5048426837866
kBET,0.8932833583208398
KNN_connectivity,0.9818171177498064
bASW,0.4993220428586938
iLISI,0.8551595243102431
PCR,0.4593340250681144
SC_Score,0.6365207998167839
BVC_Score,1321.2470747078216
BER_Score,0.7377832136615395
Final_Score,440.8737929070999
