Metric,Value
Moran Index,0.0333002806013972
Geary C,0.966789901090124
ARI,0.0122371273937533
NMI,0.035095157162209
asw_celltype,0.4491325691342354
graph_clisi,0.9046066420476992
kBET,0.6763669570103962
KNN_connectivity,0.8770736875405692
bASW,0.5302079301327467
iLISI,0.4971385888406531
PCR,0.6088791200044912
SC_Score,0.0333002806013972
BVC_Score,0.3502678739344742
BER_Score,0.6379332567057714
Final_Score,0.34050047041388093
