Metric,Value
Moran Index,0.1285923248031398
Geary C,0.871375407531198
Davies-Bouldin Index,2.093948094330913
Silhouette Coefficient,0.1232229243669371
Calinski-Harabaz Index,2328.0428640140726
kBET,0.6281732123739224
KNN_connectivity,0.8558661968723933
bASW,0.4966573657759709
iLISI,0.4644299737016318
PCR,0.3561169132007015
SC_Score,0.1285923248031398
BVC_Score,776.7533450109235
BER_Score,0.560248732384924
Final_Score,259.1473953560372
