Metric,Value
Moran Index,0.2733600365860319
Geary C,0.7195356170801129
ARI,0.0005145201111285
NMI,0.0042411992374028
asw_celltype,0.4909373677567649
graph_clisi,0.6341337069990856
kBET,0.8893832212803277
KNN_connectivity,0.9645607803547482
bASW,0.4991928900935086
iLISI,0.8510219683853123
PCR,0.3013735383321668
SC_Score,0.2733600365860319
BVC_Score,0.2824566985260954
BER_Score,0.7011064796892127
Final_Score,0.41897440493377996
