Metric,Value
Moran Index,0.8152783474546643
Geary C,0.1852899133635221
ARI,-0.0007909094470887
NMI,0.0003053353307713
asw_celltype,0.4933670737676979
graph_clisi,0.6760498304170182
kBET,0.7753324355329442
KNN_connectivity,0.9062936663748152
bASW,0.5016405557554084
iLISI,0.656661037398818
PCR,0.3050273497660291
SC_Score,0.8152783474546643
BVC_Score,0.2922328325170996
BER_Score,0.628991008965603
Final_Score,0.5788340629791223
