Metric,Value
Moran Index,0.675805002352777
Geary C,0.3261664608233723
ARI,-0.0028130462148877
NMI,0.0006208460117712
asw_celltype,0.4933670737676979
graph_clisi,0.6760498304170182
kBET,0.7753324355329442
KNN_connectivity,0.9062936663748152
bASW,0.5016405557554084
iLISI,0.656661037398818
PCR,0.3050273497660291
SC_Score,0.675805002352777
BVC_Score,0.2918061759953999
BER_Score,0.628991008965603
Final_Score,0.5322007291045933
