Metric,Value
Moran Index,0.3300158171157165
Geary C,0.674869269526517
ARI,-0.0002812515676421
NMI,0.0033546647470673
asw_celltype,0.4909373677567649
graph_clisi,0.6341337069990856
kBET,0.8893832212803277
KNN_connectivity,0.9645607803547482
bASW,0.4991928900935086
iLISI,0.8510219683853123
PCR,0.3013735383321668
SC_Score,0.3300158171157165
BVC_Score,0.2820361219838189
BER_Score,0.7011064796892127
Final_Score,0.43771947292958274
