Metric,Value
Moran Index,0.2316927135048662
Geary C,0.7776288568081922
ARI,0.0120415373278835
NMI,0.0272437577932272
asw_celltype,0.4799161770791007
graph_clisi,0.7098635778086724
kBET,0.5152318066872718
KNN_connectivity,0.9676799693122644
bASW,0.5020934325041514
iLISI,0.3810553325783976
PCR,0.0913171578231496
SC_Score,0.2316927135048662
BVC_Score,0.3072662625022209
BER_Score,0.491475539781047
Final_Score,0.343478171929378
