Metric,Value
Moran Index,0.3806638667729202
Geary C,0.6149750101955185
Davies-Bouldin Index,2.7340932670969584
Silhouette Coefficient,0.0945264483789901
Calinski-Harabaz Index,459.1218858211909
kBET,0.895112443778111
KNN_connectivity,0.9856526749860444
bASW,0.4996097418505736
iLISI,0.8561177556018372
PCR,0.3086587195150354
SC_Score,0.3806638667729202
BVC_Score,153.98350184555562
BER_Score,0.7090302671463203
Final_Score,51.69106532649162
