Metric,Value
Moran Index,0.2700071679037606
Geary C,0.7313337370291748
ARI,-3.646905393613878e-05
NMI,0.0036138465144619
asw_celltype,0.4909373677567649
graph_clisi,0.6341337069990856
kBET,0.8893832212803277
KNN_connectivity,0.9645607803547482
bASW,0.4991928900935086
iLISI,0.8510219683853123
PCR,0.3013735383321668
SC_Score,0.2700071679037606
BVC_Score,0.282162113054094
BER_Score,0.7011064796892127
Final_Score,0.41775858688235584
