Metric,Value
Moran Index,0.3895237510741421
Geary C,0.6019101852528886
Davies-Bouldin Index,2.694774129822063
Silhouette Coefficient,0.0950984543546359
Calinski-Harabaz Index,460.6315064630994
kBET,0.895112443778111
KNN_connectivity,0.9856526749860444
bASW,0.4996097418505736
iLISI,0.8561177556018372
PCR,0.3086587195150354
SC_Score,0.3895237510741421
BVC_Score,154.47379301575873
BER_Score,0.7090302671463203
Final_Score,51.857449011326395
