Metric,Value
Moran Index,0.2245583381755517
Geary C,0.7778247695395463
ARI,0.0086401944479572
NMI,0.0229858106106815
asw_celltype,0.4799161770791007
graph_clisi,0.7098635778086724
kBET,0.5152318066872718
KNN_connectivity,0.9676799693122644
bASW,0.5020934325041514
iLISI,0.3810553325783976
PCR,0.0913171578231496
SC_Score,0.2245583381755517
BVC_Score,0.3053514399866029
BER_Score,0.491475539781047
Final_Score,0.3404617726477339
