Metric,Value
Moran Index,0.2165669715352313
Geary C,0.7767063756984621
ARI,0.0564111348751201
NMI,0.057889688138304
asw_celltype,0.47625464461783
graph_clisi,0.7480964244723523
kBET,0.519586592178771
KNN_connectivity,0.961224892056726
bASW,0.5040566784831634
iLISI,0.3864910329747661
PCR,0.097767805565983
SC_Score,0.2165669715352313
BVC_Score,0.3346629730259016
BER_Score,0.4938254002518819
Final_Score,0.3483517816043382
