Metric,Value
Moran Index,0.3628113519779919
Geary C,0.6317027858170391
Davies-Bouldin Index,2.5876235491718296
Silhouette Coefficient,0.102960566813374
Calinski-Harabaz Index,482.144345598582
kBET,0.895112443778111
KNN_connectivity,0.9856526749860444
bASW,0.4996097418505736
iLISI,0.8561177556018372
PCR,0.3086587195150354
SC_Score,0.3628113519779919
BVC_Score,161.61164323818906
BER_Score,0.7090302671463203
Final_Score,54.227828285771125
