Metric,Value
Moran Index,0.1541875099895268
Geary C,0.8466311503443826
Davies-Bouldin Index,2.408825296261834
Silhouette Coefficient,0.1045680084040947
Calinski-Harabaz Index,2318.878694895156
kBET,0.6281732123739224
KNN_connectivity,0.8558661968723933
bASW,0.4966573657759709
iLISI,0.4644299737016318
PCR,0.3561169132007015
SC_Score,0.1541875099895268
BVC_Score,773.797362733274
BER_Score,0.560248732384924
Final_Score,258.1705996585495
