Metric,Value
Moran Index,0.1754705100644469
Geary C,0.8225848541018049
Davies-Bouldin Index,1.8471805151474152
Silhouette Coefficient,0.1482627719906477
Calinski-Harabaz Index,2950.299257077709
kBET,0.6281732123739224
KNN_connectivity,0.8558661968723933
bASW,0.4966573657759709
iLISI,0.4644299737016318
PCR,0.3561169132007015
SC_Score,0.1754705100644469
BVC_Score,984.0982334549492
BER_Score,0.560248732384924
Final_Score,328.27798423246617
