Metric,Value
Moran Index,0.2357379986203467
Geary C,0.7673227003842472
ARI,0.0353311451086909
NMI,0.0762194030911203
asw_celltype,0.47625464461783
graph_clisi,0.7480964244723523
kBET,0.519586592178771
KNN_connectivity,0.961224892056726
bASW,0.5040566784831634
iLISI,0.3864910329747661
PCR,0.097767805565983
SC_Score,0.2357379986203467
BVC_Score,0.3339754043224984
BER_Score,0.4938254002518819
Final_Score,0.35451293439824233
