Metric,Value
Moran Index,0.5340887457861141
Geary C,0.4636536632694493
ARI,-0.0012076677209095
NMI,0.0002801122020369
asw_celltype,0.4933670737676979
graph_clisi,0.6760498304170182
kBET,0.7753324355329442
KNN_connectivity,0.9062936663748152
bASW,0.5016405557554084
iLISI,0.656661037398818
PCR,0.3050273497660291
SC_Score,0.5340887457861141
BVC_Score,0.2921223371664608
BER_Score,0.628991008965603
Final_Score,0.48506736397272593
