Metric,Value
Moran Index,0.2344750012271725
Geary C,0.7713370811698492
ARI,0.0403752555276647
NMI,0.0849221578434315
asw_celltype,0.47625464461783
graph_clisi,0.7480964244723523
kBET,0.519586592178771
KNN_connectivity,0.961224892056726
bASW,0.5040566784831634
iLISI,0.3864910329747661
PCR,0.097767805565983
SC_Score,0.2344750012271725
BVC_Score,0.3374121206153196
BER_Score,0.4938254002518819
Final_Score,0.3552375073647913
