Metric,Value
Moran Index,0.2450731941615632
Geary C,0.7499374128097153
Davies-Bouldin Index,2.4620673563046123
Silhouette Coefficient,0.0404536808157849
Calinski-Harabaz Index,963.5349079259684
kBET,0.7515953535461183
KNN_connectivity,0.7983779548279373
bASW,0.5008164824290396
iLISI,0.559045124393718
PCR,0.3341233116392103
SC_Score,0.2450731941615632
BVC_Score,322.0124763210296
BER_Score,0.5887916453672049
Final_Score,107.61544705351947
