Metric,Value
Moran Index,0.2429316989581862
Geary C,0.7543136342240101
Davies-Bouldin Index,2.468707501606352
Silhouette Coefficient,0.0437471061729635
Calinski-Harabaz Index,990.300189832085
kBET,0.7515953535461183
KNN_connectivity,0.7983779548279373
bASW,0.5008164824290396
iLISI,0.559045124393718
PCR,0.3341233116392103
SC_Score,0.2429316989581862
BVC_Score,330.93754814662145
BER_Score,0.5887916453672049
Final_Score,110.58975716364894
