Metric,Value
Moran Index,0.188733535290141
Geary C,0.8119896238747614
Davies-Bouldin Index,1.999926351151247
Silhouette Coefficient,0.1312680830503676
Calinski-Harabaz Index,2407.001013664742
kBET,0.6281732123739224
KNN_connectivity,0.8558661968723933
bASW,0.4966573657759709
iLISI,0.4644299737016318
PCR,0.3561169132007015
SC_Score,0.188733535290141
BVC_Score,803.0440693663145
BER_Score,0.560248732384924
Final_Score,267.93101721132984
