Metric,Value
Moran Index,0.2289669527556237
Geary C,0.7734312490870795
ARI,0.0048871120423157
NMI,0.0156874183996484
asw_celltype,0.4799161770791007
graph_clisi,0.7098635778086724
kBET,0.5152318066872718
KNN_connectivity,0.9676799693122644
bASW,0.5020934325041514
iLISI,0.3810553325783976
PCR,0.0913171578231496
SC_Score,0.2289669527556237
BVC_Score,0.3025885713324343
BER_Score,0.491475539781047
Final_Score,0.341010354623035
