Metric,Value
Moran Index,0.2472106724578722
Geary C,0.7537786160803395
Davies-Bouldin Index,3.19588554402699
Silhouette Coefficient,0.0225632414304841
Calinski-Harabaz Index,803.9117870724295
kBET,0.7515953535461183
KNN_connectivity,0.7983779548279373
bASW,0.5008164824290396
iLISI,0.559045124393718
PCR,0.3341233116392103
SC_Score,0.2472106724578722
BVC_Score,269.043411952629
BER_Score,0.5887916453672049
Final_Score,89.95980475681803
