Metric,Value
Moran Index,0.2456367056804574
Geary C,0.7543999062941629
Davies-Bouldin Index,2.3009990234621256
Silhouette Coefficient,0.0723034259677445
Calinski-Harabaz Index,1196.9475422493042
kBET,0.7515953535461183
KNN_connectivity,0.7983779548279373
bASW,0.5008164824290396
iLISI,0.559045124393718
PCR,0.3341233116392103
SC_Score,0.2456367056804574
BVC_Score,399.7736148995781
BER_Score,0.5887916453672049
Final_Score,133.53601441687525
