Metric,Value
Moran Index,0.2724258536774705
Geary C,0.720275055148538
Davies-Bouldin Index,4.036291503355264
Silhouette Coefficient,0.0767857133562643
Calinski-Harabaz Index,379.76091454449664
kBET,0.895112443778111
KNN_connectivity,0.9856526749860444
bASW,0.4996097418505736
iLISI,0.8561177556018372
PCR,0.3086587195150354
SC_Score,0.2724258536774705
BVC_Score,127.95799725373604
BER_Score,0.7090302671463203
Final_Score,42.97981779151994
