Metric,Value
Moran Index,0.2177069975709933
Geary C,0.7839456281939012
ARI,0.0385992622094796
NMI,0.0801376452498612
asw_celltype,0.47625464461783
graph_clisi,0.7480964244723523
kBET,0.519586592178771
KNN_connectivity,0.961224892056726
bASW,0.5040566784831634
iLISI,0.3864910329747661
PCR,0.097767805565983
SC_Score,0.2177069975709933
BVC_Score,0.3357719941373808
BER_Score,0.4938254002518819
Final_Score,0.349101463986752
