Metric,Value
Moran Index,0.7035695554090804
Geary C,0.2944479528144579
ARI,-4.950986924704276e-05
NMI,0.0005209814913668
asw_celltype,0.4933670737676979
graph_clisi,0.6760498304170182
kBET,0.7753324355329442
KNN_connectivity,0.9062936663748152
bASW,0.5016405557554084
iLISI,0.656661037398818
PCR,0.3050273497660291
SC_Score,0.7035695554090804
BVC_Score,0.2924720939517089
BER_Score,0.628991008965603
Final_Score,0.5416775527754641
