Metric,Value
Moran Index,0.21661932891001506
Geary C,0.7809106420651962
Davies-Bouldin Index,1.5579669171362034
Silhouette Coefficient,0.18925897777080536
Calinski-Harabaz Index,3562.222684533509
SC_Score,0.21661932891001506
BVC_Score,1187.9899701428053
Total_Score,594.1032947358576
