Metric,Value
Moran Index,0.38608372319182727
Geary C,0.6103449546742283
Davies-Bouldin Index,0.6521385389784149
Silhouette Coefficient,0.442746102809906
Calinski-Harabaz Index,6558.937497814966
SC_Score,0.38608372319182727
BVC_Score,2186.6774608189185
Total_Score,1093.5317722710552
