Metric,Value
Moran Index,0.34115288637904667
Geary C,0.6634327956816565
Davies-Bouldin Index,0.619529544781627
Silhouette Coefficient,0.422855406999588
Calinski-Harabaz Index,5611.424780174185
SC_Score,0.34115288637904667
BVC_Score,1870.822388375322
Total_Score,935.5817706308504
