Metric,Value
Moran Index,0.48793333811828027
Geary C,0.5081800880248697
Davies-Bouldin Index,0.6741573635062312
Silhouette Coefficient,0.43324244022369385
Calinski-Harabaz Index,6793.908981217374
SC_Score,0.48793333811828027
BVC_Score,2265.0054603403682
Total_Score,1132.7466968392432
