Metric,Value
Moran Index,0.2538895899358207
Geary C,0.7444016634217909
Davies-Bouldin Index,4.087410262378808
Silhouette Coefficient,0.16810747981071472
Calinski-Harabaz Index,2517.4506183874623
SC_Score,0.2538895899358207
BVC_Score,840.5687120432173
Total_Score,420.41130081657656
