Metric,Value
Moran Index,0.31194485500342695
Geary C,0.6888301527787964
Davies-Bouldin Index,0.6418554290057411
Silhouette Coefficient,0.45790061354637146
Calinski-Harabaz Index,6664.632172478277
SC_Score,0.31194485500342695
BVC_Score,2221.9106428402765
Total_Score,1111.11129384764
