Metric,Value
Moran Index,0.16290308765323036
Geary C,0.8354562427971707
Davies-Bouldin Index,0.6279667222811802
Silhouette Coefficient,0.49924787878990173
Calinski-Harabaz Index,7743.704778114167
SC_Score,0.16290308765323036
BVC_Score,2581.610664238413
Total_Score,1290.8867836630332
