Metric,Value
Moran Index,0.11889989584039569
Geary C,0.8774945208621747
Davies-Bouldin Index,0.6349095553113255
Silhouette Coefficient,0.4985695779323578
Calinski-Harabaz Index,7728.306709638033
SC_Score,0.11889989584039569
BVC_Score,2576.480062923759
Total_Score,1288.2994814097997
