Metric,Value
Moran Index,0.39641605631430515
Geary C,0.605031322579377
Davies-Bouldin Index,1.6020364973826382
Silhouette Coefficient,0.1740749478340149
Calinski-Harabaz Index,3257.2673405424043
SC_Score,0.39641605631430515
BVC_Score,1086.347817329207
Total_Score,543.3721166927606
