Metric,Value
Moran Index,0.6521005007631192
Geary C,0.3490122205886046
Davies-Bouldin Index,1.5073608260646347
Silhouette Coefficient,0.16013088822364807
Calinski-Harabaz Index,3010.0963518892663
SC_Score,0.6521005007631192
BVC_Score,1003.9212812011848
Total_Score,502.28669085097397
