Metric,Value
Moran Index,0.4606300661754416
Geary C,0.5402270944115347
Davies-Bouldin Index,1.6028843929501615
Silhouette Coefficient,0.1582966297864914
Calinski-Harabaz Index,4822.925535659792
SC_Score,0.4606300661754416
BVC_Score,1608.2289055608428
Total_Score,804.3447678135092
