Metric,Value
Moran Index,0.6161397183074905
Geary C,0.3834327696088762
Davies-Bouldin Index,1.417488039694285
Silhouette Coefficient,0.21305164694786072
Calinski-Harabaz Index,3698.4632895196823
SC_Score,0.6161397183074905
BVC_Score,1233.3646097354415
Total_Score,616.9903747268745
