Metric,Value
Moran Index,0.3205616388816688
Geary C,0.6799110252935009
Davies-Bouldin Index,3.3653809088467237
Silhouette Coefficient,0.02855207584798336
Calinski-Harabaz Index,1492.6106339179316
SC_Score,0.3205616388816688
BVC_Score,498.6681889675421
Total_Score,249.49437530321188
