Metric,Value
Moran Index,0.5394276129708016
Geary C,0.45993673356285436
Davies-Bouldin Index,1.6166917209174319
Silhouette Coefficient,0.181965634226799
Calinski-Harabaz Index,4466.815470967193
SC_Score,0.5394276129708016
BVC_Score,1489.5380427741122
Total_Score,745.0387351935415
