Metric,Value
Moran Index,0.425441572386361
Geary C,0.5727189780257678
Davies-Bouldin Index,1.7565625372883038
Silhouette Coefficient,0.13061213493347168
Calinski-Harabaz Index,2783.9366262620442
SC_Score,0.425441572386361
BVC_Score,928.6079336447552
Total_Score,464.5166876085708
