Metric,Value
Moran Index,0.5056006875363764
Geary C,0.49515932154157194
Davies-Bouldin Index,1.793113715871536
Silhouette Coefficient,0.13070698082447052
Calinski-Harabaz Index,2760.3466614336403
SC_Score,0.5056006875363764
BVC_Score,920.7568273767788
Total_Score,460.6312140321576
