Metric,Value
Moran Index,0.6894555901484197
Geary C,0.3125172551425409
Davies-Bouldin Index,1.4611703843123014
Silhouette Coefficient,0.17763829231262207
Calinski-Harabaz Index,3142.5411137665023
SC_Score,0.6894555901484197
BVC_Score,1048.0599741477092
Total_Score,524.3747148689288
