Metric,Value
Moran Index,0.5549187878369538
Geary C,0.44733314453483797
Davies-Bouldin Index,1.4673956502715848
Silhouette Coefficient,0.18280737102031708
Calinski-Harabaz Index,4254.847668654344
SC_Score,0.5549187878369538
BVC_Score,1418.8326238918787
Total_Score,709.6937713398578
