Metric,Value
Moran Index,0.48606578535650746
Geary C,0.5163884205648654
Davies-Bouldin Index,2.258563135119447
Silhouette Coefficient,0.08333954960107803
Calinski-Harabaz Index,2793.49809781974
SC_Score,0.48606578535650746
BVC_Score,931.9466668348201
Total_Score,466.2163663100883
