Metric,Value
Moran Index,0.5952543674566879
Geary C,0.405681348121769
Davies-Bouldin Index,3.549015833974966
Silhouette Coefficient,0.03692704439163208
Calinski-Harabaz Index,2253.6286014424463
SC_Score,0.5952543674566879
BVC_Score,752.4048481069376
Total_Score,376.50005123719717
