Metric,Value
Moran Index,0.4861288762302486
Geary C,0.5141348966958762
Davies-Bouldin Index,1.4043064269794137
Silhouette Coefficient,0.250998854637146
Calinski-Harabaz Index,4977.468411027696
SC_Score,0.4861288762302486
BVC_Score,1659.7079054364374
Total_Score,830.0970171563338
