Metric,Value
Moran Index,0.4875512655717904
Geary C,0.5106779882632436
Davies-Bouldin Index,1.8383274158947691
Silhouette Coefficient,0.135977104306221
Calinski-Harabaz Index,4342.837322663142
SC_Score,0.4875512655717904
BVC_Score,1448.2705423944478
Total_Score,724.3790468300098
