Metric,Value
Moran Index,0.6223481202244465
Geary C,0.3782529793049556
Davies-Bouldin Index,1.736538649648826
Silhouette Coefficient,0.14463889598846436
Calinski-Harabaz Index,4421.643725995304
SC_Score,0.6223481202244465
BVC_Score,1474.5083011803135
Total_Score,737.565324650269
