Metric,Value
Moran Index,0.4135181785177364
Geary C,0.5848995515812875
Davies-Bouldin Index,3.2634742372836145
Silhouette Coefficient,0.09374165534973145
Calinski-Harabaz Index,1752.478970235966
SC_Score,0.4135181785177364
BVC_Score,585.2787287095331
Total_Score,292.8461234440254
