Metric,Value
Moran Index,0.8042960132264264
Geary C,0.18640489020782658
Davies-Bouldin Index,2.0713049478557517
Silhouette Coefficient,0.1353166458825902
Calinski-Harabaz Index,493.21969723177966
SC_Score,0.8042960132264264
BVC_Score,165.14210627517267
Total_Score,82.97320114419955
