Metric,Value
Moran Index,0.4610812173815648
Geary C,0.5408333386530836
Davies-Bouldin Index,2.376234666169908
Silhouette Coefficient,0.09530526521714133
Calinski-Harabaz Index,429.2333742143747
SC_Score,0.4610812173815648
BVC_Score,143.90163804858724
Total_Score,72.18135963298441
