Metric,Value
Moran Index,0.6002093952697691
Geary C,0.40152734811047835
Davies-Bouldin Index,2.6717761893551573
Silhouette Coefficient,0.07527564239080833
Calinski-Harabaz Index,380.17116173734735
SC_Score,0.6002093952697691
BVC_Score,127.6394045230311
Total_Score,64.11980695915044
