Metric,Value
Moran Index,0.5579634546062794
Geary C,0.43432300718187444
Davies-Bouldin Index,2.5449187259983184
Silhouette Coefficient,0.08190324315993851
Calinski-Harabaz Index,397.12470119376235
SC_Score,0.5579634546062794
BVC_Score,133.25050772097353
Total_Score,66.9042355877899
