Metric,Value
Moran Index,0.32471280208800063
Geary C,0.6812877175286506
Davies-Bouldin Index,2.2090241934496255
Silhouette Coefficient,0.11010144573663931
Calinski-Harabaz Index,300.3243461926991
SC_Score,0.32471280208800063
BVC_Score,100.88115727729513
Total_Score,50.602935039691566
