Metric,Value
Moran Index,0.6342259009950413
Geary C,0.3615923091618569
Davies-Bouldin Index,2.2935580639402375
Silhouette Coefficient,0.07943069734087381
Calinski-Harabaz Index,468.2051915093812
SC_Score,0.6342259009950413
BVC_Score,156.8593934235541
Total_Score,78.74680966227457
