Metric,Value
Moran Index,0.621665504958118
Geary C,0.37981615939876434
Davies-Bouldin Index,2.4393306941850543
Silhouette Coefficient,0.07342275896399415
Calinski-Harabaz Index,399.55038547726326
SC_Score,0.621665504958118
BVC_Score,134.02104631013745
Total_Score,67.32135590754778
