Metric,Value
Moran Index,0.7517234429599489
Geary C,0.2333537465118188
Davies-Bouldin Index,2.278705090074051
Silhouette Coefficient,0.08087127247901092
Calinski-Harabaz Index,409.89115591285685
SC_Score,0.7517234429599489
BVC_Score,137.41691075846998
Total_Score,69.08431710071497
