Metric,Value
Moran Index,0.5738682457820166
Geary C,0.42204737237593004
Davies-Bouldin Index,2.3307606346092737
Silhouette Coefficient,0.09482418646596341
Calinski-Harabaz Index,439.32190539598645
SC_Score,0.5738682457820166
BVC_Score,147.24916340568723
Total_Score,73.91151582573463
