Metric,Value
Moran Index,0.7798708935067443
Geary C,0.21704641057589813
Davies-Bouldin Index,2.3778314671453398
Silhouette Coefficient,0.11523029656247198
Calinski-Harabaz Index,393.55270902522574
SC_Score,0.7798708935067443
BVC_Score,132.01525692964452
Total_Score,66.39756391157563
