Metric,Value
Moran Index,0.6483631252367148
Geary C,0.35413922834714034
Davies-Bouldin Index,2.2909971466664043
Silhouette Coefficient,0.09795797081052952
Calinski-Harabaz Index,504.7403853136995
SC_Score,0.6483631252367148
BVC_Score,169.04311347705882
Total_Score,84.84573830114778
