Metric,Value
Moran Index,0.48723268371772027
Geary C,0.5125182922662247
Davies-Bouldin Index,2.1968528287209805
Silhouette Coefficient,0.10835880560636929
Calinski-Harabaz Index,538.62102548269
SC_Score,0.48723268371772027
BVC_Score,180.30874570567244
Total_Score,90.39798919469507
