Metric,Value
Moran Index,0.4514049517984076
Geary C,0.5519554027717843
Davies-Bouldin Index,2.249812002231013
Silhouette Coefficient,0.10670577042477142
Calinski-Harabaz Index,480.30272385569884
SC_Score,0.4514049517984076
BVC_Score,160.8864138761182
Total_Score,80.6689094139583
