Metric,Value
Moran Index,0.531215281905561
Geary C,0.47380036943573955
Davies-Bouldin Index,2.209646352897834
Silhouette Coefficient,0.10631050794579097
Calinski-Harabaz Index,468.45277286917866
SC_Score,0.531215281905561
BVC_Score,156.92290991000743
Total_Score,78.7270625959565
