Metric,Value
Moran Index,0.5351470560262338
Geary C,0.4650568956985532
Davies-Bouldin Index,2.8780927061988426
Silhouette Coefficient,0.05160766547688952
Calinski-Harabaz Index,362.95532854777787
SC_Score,0.5351470560262338
BVC_Score,121.96167630648453
Total_Score,61.248411681255384
