Metric,Value
Moran Index,0.4096087385537009
Geary C,0.5928441956763183
Davies-Bouldin Index,2.5939704773597185
Silhouette Coefficient,0.09255358220575235
Calinski-Harabaz Index,359.24179165728935
SC_Score,0.4096087385537009
BVC_Score,120.64277190561826
Total_Score,60.52619032208598
