Dataset,Scenario,Slice,Role,Missing_Mod,N_Cells,CM_GTC_rna,CM_GTC_atac,CM_GTC_global
MISAR_S1,without_rna,E11,bridge,none,1263,0.2273502642420522,0.0,0.0
MISAR_S1,without_rna,E13,bridge,none,1777,0.17750350479523952,0.23344416575038682,0.0919615716468748
MISAR_S1,without_rna,E15,bridge,none,1949,0.4026616983628124,0.42887871748755724,0.3137389968486436
MISAR_S1,without_rna,E18,query,rna,2129,0.10968989541831517,0.1756002662006379,0.0270197435571096
MISAR_S1,without_second,E11,bridge,none,1263,0.22244189764399033,0.0,0.0
MISAR_S1,without_second,E13,bridge,none,1777,0.19065568726368734,0.2322944999368992,0.10470539418443774
MISAR_S1,without_second,E15,bridge,none,1949,0.4010345665615194,0.41236455678914324,0.3104205388841091
MISAR_S1,without_second,E18,query,atac,2129,0.13588374353871124,0.19058244180926803,0.0666361093252706
