Dataset,Scenario,Slice,Role,Missing_Mod,N_Cells,CM_GTC_rna,CM_GTC_atac,CM_GTC_global
MISAR_S2,without_rna,E11,bridge,none,1353,0.14969390795862794,0.08804785456833326,0.006276126056867153
MISAR_S2,without_rna,E13,bridge,none,1620,0.1589972367505074,0.15691064035841082,0.041593601795981205
MISAR_S2,without_rna,E15,bridge,none,1939,0.4518981392738103,0.3865425960334731,0.32429180582247513
MISAR_S2,without_rna,E18,query,rna,2248,0.1192980934719922,0.09275216017962114,0.024533370225437397
MISAR_S2,without_second,E11,bridge,none,1353,0.14623699847469152,0.09264313666097443,0.003889119007050731
MISAR_S2,without_second,E13,bridge,none,1620,0.1699858374545184,0.19858941470117975,0.06794777060887885
MISAR_S2,without_second,E15,bridge,none,1939,0.46355497818550845,0.38141837396746203,0.3243536964029534
MISAR_S2,without_second,E18,query,atac,2248,0.3013755097651525,0.1350055554776151,0.10982777129988959
