Dataset,Scenario,Slice,Role,Missing_Mod,N_Cells,CM_GTC_rna,CM_GTC_adt,CM_GTC_global
HT,without_rna,S1,bridge,none,4326,0.6721177025424838,0.4805808437300866,0.46333835541312857
HT,without_rna,S2,bridge,none,4519,0.6663260230497662,0.45862667711746596,0.4396656275103053
HT,without_rna,S3,query,rna,4521,0.6966620707748632,0.7125710779737904,0.6418309730884241
HT,without_second,S1,bridge,none,4326,0.6750517427218309,0.47795831065577116,0.4625897331847672
HT,without_second,S2,bridge,none,4519,0.667411757733773,0.4562835384483237,0.4389233769973591
HT,without_second,S3,query,adt,4521,0.7547054057310373,0.6984965380770981,0.6563311014506846
