Dataset,Scenario,Slice,Role,Missing_Mod,N_Cells,CM_GTC_rna,CM_GTC_adt,CM_GTC_global
HLN,without_rna,A1,bridge,none,3484,0.26981044788694847,0.29024002423412415,0.17549205714553326
HLN,without_rna,D1,query,rna,3359,0.1917919776663206,0.3514678199862899,0.14476310666296685
HLN,without_second,A1,bridge,none,3484,0.27761098321251726,0.2933692519641129,0.17851494835603024
HLN,without_second,D1,query,adt,3359,0.21603346033841825,0.32183652031621585,0.1547227647523113
