Dataset,Scenario,Slice,Role,Missing_Mod,N_Cells,CM_GTC_rna,CM_GTC_atac,CM_GTC_global
Mouse_Brain,without_rna,Mouse_Brain_ATAC,bridge,none,9215,0.11103862318637557,0.03437678755623959,0.019415199099571536
Mouse_Brain,without_rna,Mouse_Brain_H3K4me3,bridge,none,9548,0.18352911525870083,0.017197625931255865,0.012308033994105561
Mouse_Brain,without_rna,Mouse_Brain_H3K27ac,bridge,none,9370,0.20752647550095724,0.031826488334032045,0.023070373297025035
Mouse_Brain,without_rna,Mouse_Brain_H3K27me3,query,rna,9752,0.13871427471444958,0.03645095285146778,0.020277051003751243
Mouse_Brain,without_second,Mouse_Brain_ATAC,bridge,none,9215,0.10592342642845237,0.03319042323545285,0.018274032881040677
Mouse_Brain,without_second,Mouse_Brain_H3K4me3,bridge,none,9548,0.1770394697544539,0.016729528550020717,0.011834590675383755
Mouse_Brain,without_second,Mouse_Brain_H3K27ac,bridge,none,9370,0.20144078798214213,0.03137255355960288,0.022676085844933188
Mouse_Brain,without_second,Mouse_Brain_H3K27me3,query,atac,9752,0.24048397453008485,0.02576166944690768,0.021282760664894665
