Dataset,Scenario,Slice,Role,Missing_Mod,N_Cells,CM_GTC_rna,CM_GTC_adt,CM_GTC_global
Mouse_Spleen,without_rna,Mouse_Spleen1,bridge,none,2568,0.22119215428509706,0.5278201248077709,0.2052097059411061
Mouse_Spleen,without_rna,Mouse_Spleen2,query,rna,2768,0.17125722610058264,0.5279903586452234,0.15486494639679949
Mouse_Spleen,without_second,Mouse_Spleen1,bridge,none,2568,0.21942235337293345,0.5252010571883089,0.2042294214766993
Mouse_Spleen,without_second,Mouse_Spleen2,query,adt,2768,0.21640017852874616,0.4801049836484724,0.18538546540084294
