Metric,Value
Moran Index,0.43632874613248623
Geary C,0.566215154962
Davies-Bouldin Index,3.94415812575893
Silhouette Coefficient,-0.002264386275783181
Calinski-Harabaz Index,353.27835345102517
SC_Score,0.43632874613248623
BVC_Score,119.07341573016943
Total_Score,59.75487223815096
