Metric,Value
Moran Index,0.3743947170895828
Geary C,0.6233844608740097
Davies-Bouldin Index,2.2558913256006408
Silhouette Coefficient,0.08308745920658112
Calinski-Harabaz Index,704.2297307188719
SC_Score,0.3743947170895828
BVC_Score,235.52290316789302
Total_Score,117.9486489424913
