Metric,Value
Moran Index,0.601929253225907
Geary C,0.4002782471807951
Davies-Bouldin Index,5.3932649080909165
Silhouette Coefficient,5.7535980886314064e-05
Calinski-Harabaz Index,5440.6901936296035
SC_Score,0.601929253225907
BVC_Score,1815.3611720245583
Total_Score,907.9815506388921
