Metric,Value
Moran Index,0.6634119989191835
Geary C,0.33488774904366303
Davies-Bouldin Index,3.6188484905809464
Silhouette Coefficient,-0.013391770422458649
Calinski-Harabaz Index,97.44985122461001
SC_Score,0.6634119989191835
BVC_Score,33.68510264825617
Total_Score,17.174257323587675
