Metric,Value
Moran Index,0.6483483096094568
Geary C,0.3656555751639414
Davies-Bouldin Index,0.8420790746975607
Silhouette Coefficient,0.17769503593444824
Calinski-Harabaz Index,170.77237233607127
SC_Score,0.6483483096094568
BVC_Score,57.264048815567755
Total_Score,28.956198562588607
