Metric,Value
Moran Index,0.6419346225858483
Geary C,0.3682818198965952
Davies-Bouldin Index,0.828053220140185
Silhouette Coefficient,0.01713607832789421
Calinski-Harabaz Index,218.88617748044123
SC_Score,0.6419346225858483
BVC_Score,73.24378892630311
Total_Score,36.94286177444448
