Metric,Value
Moran Index,0.6650361749399728
Geary C,0.34118453906777946
Davies-Bouldin Index,0.7356987177545077
Silhouette Coefficient,0.09216658771038055
Calinski-Harabaz Index,487.7996453889853
SC_Score,0.6650361749399728
BVC_Score,162.87583689815008
Total_Score,81.77043653654503
