Metric,Value
Moran Index,0.630318579385456
Geary C,0.3805056671287121
Davies-Bouldin Index,0.9898614563184515
Silhouette Coefficient,-0.1316385269165039
Calinski-Harabaz Index,16.268787291924205
SC_Score,0.630318579385456
BVC_Score,5.7090034071087175
Total_Score,3.1696609932470867
