Metric,Value
Moran Index,0.5475793124675966
Geary C,0.4528024533837928
Davies-Bouldin Index,2.431225188166433
Silhouette Coefficient,0.020506462082266808
Calinski-Harabaz Index,475.221846904408
SC_Score,0.5475793124675966
BVC_Score,159.22452618488555
Total_Score,79.88605274867658
