Metric,Value
Moran Index,0.7182350004678788
Geary C,0.2902354190716914
Davies-Bouldin Index,0.8424387265467753
Silhouette Coefficient,-0.07191143929958344
Calinski-Harabaz Index,13.887546138443179
SC_Score,0.7182350004678788
BVC_Score,4.886024475230124
Total_Score,2.8021297378490013
