Metric,Value
Moran Index,0.7820867662111768
Geary C,0.21631619199984703
Davies-Bouldin Index,1.2372362377438524
Silhouette Coefficient,0.1286725401878357
Calinski-Harabaz Index,25641.549292763622
SC_Score,0.7820867662111768
BVC_Score,8547.638400513852
Total_Score,4274.210243640031
