Metric,Value
Moran Index,0.7601464651139436
Geary C,0.2375423956100714
Davies-Bouldin Index,1.1772213975738772
Silhouette Coefficient,0.16589654982089996
Calinski-Harabaz Index,20695.70277203164
SC_Score,0.7601464651139436
BVC_Score,6899.015296659679
Total_Score,3449.8877215623966
