Metric,Value
Moran Index,0.5351878139519227
Geary C,0.4676535256904731
Davies-Bouldin Index,1.1133857473203639
Silhouette Coefficient,0.1115497499704361
Calinski-Harabaz Index,533.1812410835944
SC_Score,0.5351878139519227
BVC_Score,178.13539219362838
Total_Score,89.33529000379015
