Metric,Value
Moran Index,0.48947947981858975
Geary C,0.513716948000401
Davies-Bouldin Index,1.889428681647953
Silhouette Coefficient,0.10578205436468124
Calinski-Harabaz Index,1243.3834444590743
SC_Score,0.48947947981858975
BVC_Score,415.12621839836237
Total_Score,207.8078489390905
