Metric,Value
Moran Index,0.6894481646197754
Geary C,0.3092386738670041
Davies-Bouldin Index,0.7098680843766998
Silhouette Coefficient,0.597912609577179
Calinski-Harabaz Index,68342.02976689076
SC_Score,0.6894481646197754
BVC_Score,22781.112515861572
Total_Score,11390.900982013096
