Metric,Value
Moran Index,0.303151215392469
Geary C,0.6965549681946066
Davies-Bouldin Index,1.7972562537526104
Silhouette Coefficient,0.10949257761240005
Calinski-Harabaz Index,1095.5453528388969
SC_Score,0.303151215392469
BVC_Score,365.81736722342066
Total_Score,183.06025921940656
